"","Estimate","Std. Error","z value","Pr(>|z|)"
"0",0.367486297946601,0.393127133670381,0.934777242454908,0.349903110072847
"1",0,NA,NA,NA
"2",0.274054551374041,0.200827126569339,1.36462915172676,0.172369637541122
"3",-1.53195253246043,0.268204777932221,-5.71187636652607,1.11737255190007e-08
"4",-0.21412011751744,0.227464734008903,-0.94133325084608,0.346534108099123
"5",-0.809839555282917,0.207958950933112,-3.89422793127761,9.85119883174687e-05
"6",-0.689624773412786,0.231727036090819,-2.97602206909731,0.0029201384700391
"7",-0.761257026730376,0.187889158734855,-4.0516282677312,5.0862429740264e-05
"8",-2.59243758421726,0.526450778690972,-4.92436841040182,8.46332574110277e-07
"9",-2.60505977667306,0.679620843612306,-3.83310753511723,0.000126534606047797
"10",-2.57298073191419,0.501239697682713,-5.13323414687498,2.84805224673448e-07
"11",-2.26419715129408,0.288858019813755,-7.83844309655638,4.56166857676052e-15
"12",-3.58099283312592,0.579136484849952,-6.18333143706826,6.27627465419364e-10
"13",-2.7256506228037,0.694452934780736,-3.92488891081479,8.67697709082028e-05
"14",-2.15161380122014,0.624368794409744,-3.44606236007391,0.000568819080444041
"15",-0.723026619434071,1.12303644888805,-0.64381402771919,0.519696036269786
"16",0.0971677632084025,0.359595169083157,0.270214317550891,0.786995378456563
"17",-0.283912297306748,0.324522365019264,-0.874862036981319,0.381648977293572
"18",-2.07842447721453,0.321775667634334,-6.45923444894054,1.05233971672189e-10
"19",-0.397676614772811,0.428993588837628,-0.926998969495859,0.353927069326331
"20",-0.543065782894728,0.193604816989858,-2.80502206163175,0.00503131359122786
"21",-1.19522572540872,0.288834655810391,-4.13809666314191,3.50198837295936e-05
"22",-1.71202622288856,0.369037213917665,-4.6391695967836,3.49811903748865e-06
"23",-2.61132708765005,0.622610542253434,-4.19415816217758,2.73886837774087e-05
"24",-4.01625674708063,0.633137107688026,-6.34342340436569,2.24714721835484e-10
"25",-3.28795671305968,0.551510699759925,-5.96172787670474,2.49584544773701e-09
"26",-1.243995564859,0.201780372314763,-6.16509698435115,7.04399538789694e-10
"27",-3.27473819312896,0.652189434565083,-5.02114572787083,5.136417017512e-07
"28",-2.74342666930621,0.28960722998178,-9.47292189314062,2.72123129651001e-21
"29",-4.18389924287238,0.809463910411204,-5.16872857339245,2.35691905434389e-07
"30",-4.69447264581232,0.835716977765643,-5.61729960107233,1.93964932308128e-08
"31",-5.31237488571569,0.908926794438167,-5.84466748942022,5.07581113432316e-09
"32",-0.663333271447579,0.26801792862801,-2.47495857774589,0.0133251629575492
"33",-0.738714901298128,0.476028002897844,-1.55183076794047,0.120702721862713
"35",-1.75672240899643,0.283543910693709,-6.19559208553798,5.80663315949937e-10
"36",-0.701837547156207,0.194898730421445,-3.60103703927968,0.000316950413975607
"37",-0.596962594256726,0.236586396114535,-2.52323296715559,0.0116281337280102
"38",-0.905884926193817,0.392546833795133,-2.30771171285664,0.0210151761815578
"39",-0.967991845646505,0.460808856735999,-2.10063637340433,0.0356728985367129
"40",-2.68119788186493,0.57329166758787,-4.67684781316654,2.9131829124945e-06
"41",-1.00533512654502,0.452351063287299,-2.22246659317899,0.0262517892644873
"42",-1.69368140226411,0.484377528628033,-3.49661431871406,0.000471202548296312
"43",-1.65160419713512,0.298529735808809,-5.53246125603006,3.157682061335e-08
"44",-1.78263811320786,0.90047253896859,-1.97966960241754,0.0477406663770391
"45",0.650655755072037,0.5412751744729,1.20207943345204,0.229332753832197
"46",-2.20521739983997,0.498671992537322,-4.42218017623063,9.77099207071202e-06
"47",-1.77953386545205,0.202817028187326,-8.77408510200845,1.722988971543e-18
"48",-1.47785383317427,0.265244106507131,-5.57167453269895,2.52302432296484e-08
"49",-0.673747496077818,0.248299229377179,-2.71344980718552,0.00665866546808684
"50",-1.18871832252221,0.264573714046135,-4.49295700749366,7.02409691422012e-06
"51",-1.84416969202102,0.628923087403762,-2.93226585087515,0.00336498559057581
"52",-2.06914908426601,0.505878383670823,-4.09021051512731,4.30981829667614e-05
"53",-1.17851291145299,0.306820447435651,-3.84105075558942,0.000122508778008828
"54",-2.42002936029761,0.499321736703656,-4.84663330756194,1.25574220022805e-06
"55",-2.83719398745138,0.503799121366363,-5.63159772838938,1.78547753227248e-08
"56",-3.47956654400065,0.606003137287081,-5.74182925781171,9.36592341649179e-09
"57",-0.775284296988057,0.31989662442562,-2.42354635151307,0.0153697917221607
"59",-1.40049336678855,0.201554386123625,-6.94846385495944,3.69285087856635e-12
"60",-0.931336244348927,0.20921811998939,-4.45150852323957,8.52691477968842e-06
"61",-0.997483380455765,0.200124700353981,-4.98430917668542,6.21835800692516e-07
"62",-1.72968914153593,0.298313316795421,-5.79822972744499,6.70186045274343e-09
"63",-1.12305966423897,0.207496156708404,-5.41243597980092,6.21730864097863e-08
"64",-1.8034617868766,0.209739063761366,-8.59859748839404,8.06961717884465e-18
"65",-2.14956639099729,0.282951398675851,-7.5969456276123,3.03201852902299e-14
"66",-1.60771004115269,0.202139679363631,-7.9534609247132,1.81372003370792e-15
"67",-2.26381230569499,0.254931405123747,-8.88008405475231,6.68098584947915e-19
"68",-2.39143860275512,0.214460157642026,-11.1509691545917,7.08306561220108e-29
"69",-2.57880107892915,0.32009613624429,-8.05633304164932,7.86172514457039e-16
"70",-2.10411341805894,0.277382978808729,-7.58558952353686,3.30978699496399e-14
"71",-1.16868883321206,0.799107686687917,-1.46249229319262,0.143606354724807
"72",-3.42144136987725,0.631709705228607,-5.41616084343531,6.08923283048303e-08
"73",-2.58155273171001,0.631217498410464,-4.08979906008768,4.31747061857053e-05
"74",-1.62480980323107,0.283163887108325,-5.73805445257747,9.57703271227646e-09
"75",-2.92977339352569,0.5338754446892,-5.48774704412802,4.07092456250273e-08
"76",-2.81239990397161,0.860144321287647,-3.26968374302746,0.00107667785858361
"77",-1.04243429214985,0.293499627181923,-3.55173974890164,0.000382693173144102
"78",-1.84125029196114,0.373634602851617,-4.92794371267687,8.30995476847165e-07
"79",-1.98429258757533,0.360762037156205,-5.50028102517938,3.79186402134106e-08
"80",-2.14011549243389,0.355908354002632,-6.01310834198081,1.81999311011103e-09
"81",-1.41436648758967,0.198255224360394,-7.13406918860604,9.74443090824667e-13
"82",-2.57870169322993,0.255361134661803,-10.0982543668798,5.62342470359657e-24
"83",-1.57325379420986,0.268581257114383,-5.85764550777958,4.69475428950676e-09
"84",-1.57470313715861,0.195884112301669,-8.03895282090827,9.06094559779731e-16
"85",-1.88232870960178,0.367110365089183,-5.12741913223972,2.93741085329066e-07
"86",-1.56699489092516,0.207361139942558,-7.55683968249423,4.12980461745624e-14
"87",-3.5428292496448,0.441234098039824,-8.02936415246185,9.79791347566665e-16
"88",-1.87471782639358,0.253048569580063,-7.40852963328225,1.27707379666702e-13
"89",-2.2446581155594,0.239223286088078,-9.38310877785096,6.40556378070789e-21
"90",-1.99617603725849,0.78927074309668,-2.52913978469106,0.011434247769148
"91",-2.30737374842649,0.545419832497964,-4.23045443334719,2.33219684495412e-05
"92",-1.54837944597457,0.79172383640533,-1.95570649104704,0.0504997396496439
"93",-1.34543718817763,0.245708752387651,-5.47573977362823,4.35687566707916e-08
"94",0.0634775945497057,0.192792087841546,0.329254147617704,0.741963598497113
"95",-1.07811272948048,0.222194138449404,-4.85212047898364,1.2214837853122e-06
"96",-1.50085269996257,0.248926767690731,-6.0292941329124,1.64677338620641e-09
"97",-1.6759747118656,0.283370566558941,-5.91442764228303,3.33031598129745e-09
"98",-1.1310912351143,0.203688354110254,-5.55304813598748,2.8073072888805e-08
"99",-2.79788006384849,0.418339074561372,-6.68806772779249,2.26136483546509e-11
"100",-0.967608477572112,0.249736517538324,-3.8745173797966,0.000106836218882268
"101",-1.11731873407337,0.231115983892204,-4.83445028447062,1.33514065568736e-06
"102",-1.12543488738809,0.301841832478193,-3.72855835835611,0.000192578314838868
"103",-2.19732571271476,0.329715046864717,-6.66431736619024,2.65898325515735e-11
"104",-3.44015645444872,0.386274900372802,-8.90597978571363,5.29165713958913e-19
"105",-2.34549672444999,0.253838860583322,-9.24010105883722,2.4626453433888e-20
"106",-2.21883285319696,0.332309355143949,-6.67700989710571,2.43866487330526e-11
"107",-2.78385241729773,0.244715100175446,-11.3758914562357,5.51365890944156e-30
"108",-3.33559499167793,0.462984478609759,-7.20455035921288,5.82356973907119e-13
"109",-1.49010031716813,0.434221463583344,-3.43165974540115,0.000599899703953426
"110",-1.3433911389843,0.528592313546954,-2.54145038540173,0.0110393612804231
"111",-1.25151223288393,0.251706614278426,-4.97210705595351,6.62291134033953e-07
"112",-3.04955568360314,0.311676419225512,-9.784364473838,1.31418278116878e-22
"113",-1.83786112574451,0.268517990896583,-6.84446177929413,7.67639283942262e-12
"114",-1.38225828919584,0.211155404589923,-6.5461658056078,5.90330382200557e-11
"115",-0.260559088716552,0.196804325511836,-1.32395000993452,0.185519647624411
"116",-0.929089469629805,0.233973908609775,-3.9709105820827,7.15984501472752e-05
"117",-0.486697623353503,0.245914264530501,-1.97913538802926,0.0478007651123101
"118",-1.15833093710593,0.250534857495476,-4.62343223887259,3.77442076619104e-06
"119",-0.527129454863901,0.213763702574274,-2.46594463192715,0.013665245564672
"120",-1.45082571931048,0.253958722891012,-5.71284066479225,1.11105699408502e-08
"121",-1.10307641223579,0.219648781848921,-5.02200104617249,5.11359047967867e-07
"122",-1.50426775081639,0.266143779968637,-5.65208681936376,1.58511486207848e-08
"123",-2.10127904213073,0.350115998499455,-6.0016653084592,1.95303962499534e-09
"124",-1.72500747109385,0.304830979912396,-5.65889815920151,1.52347920911525e-08
"125",-3.01571747060274,0.757522562245896,-3.98102660026623,6.86182690371771e-05
"126",-0.678898719230741,0.338947749559547,-2.00295980756016,0.0451816027268612
"127",-1.05655511684786,0.570969827167162,-1.85045700591553,0.0642477092823987
"128",0.23339583681488,0.226938535587974,1.0284539653443,0.303736334669203
"129",-1.17190670828902,0.227779378009088,-5.14492013514175,2.67634645679236e-07
"130",-0.374508874691524,0.214365301745601,-1.74705920987145,0.0806270679694656
"131",-1.13513502098699,0.247295121087149,-4.59020386652496,4.42813293565165e-06
"132",-2.66247467106153,0.262803524746288,-10.1310462773736,4.02321209011352e-24
"133",-1.13466667167852,0.259822680080451,-4.36708093122271,1.25918079607667e-05
"134",-2.54256167673441,0.234186896739445,-10.8569766803104,1.84765291565565e-27
"135",-1.87874868739447,0.278125469558671,-6.75504005575491,1.42795800320504e-11
"136",-2.28267414316551,0.297099791079508,-7.68318999778306,1.55175180636121e-14
"137",-2.59242024453658,0.26714510974735,-9.70416507713104,2.89436212752048e-22
"138",-2.03988175011668,0.270584192628564,-7.53880605626088,4.74293728933649e-14
"139",-1.74490168343571,0.41518345104551,-4.20272455234358,2.63721421797333e-05
"140",-0.801261704324956,0.431749650496673,-1.85584795124491,0.0634752335647335
"141",-1.98387943336365,1.06535514718098,-1.86217660712784,0.0625782006365664
"142",-1.01170717938458,0.570329202768784,-1.77390036223471,0.0760796328284909
"143",-2.33396954010496,0.838079858913371,-2.78490112282512,0.00535440480600283
"144",-2.12269364264566,0.409439038863949,-5.18439484553157,2.16717375331618e-07
"145",-1.10320243842979,0.368644619554366,-2.99259064126147,0.00276620510687804
"146",-1.61398237279643,0.297025375707536,-5.43381981742066,5.51602817532431e-08
"147",-2.06273113051511,0.311855512694068,-6.61438084802644,3.731100383695e-11
"148",-2.8276067913705,0.398990110425977,-7.08690946838666,1.37140029996513e-12
"149",-2.09258842067549,0.387922159345911,-5.39435134152654,6.87715362601032e-08
"150",-3.18783971269465,0.329734092372108,-9.66791055714415,4.12718067995143e-22
"151",-4.23932278438288,0.631142943687477,-6.71689801301505,1.85633796271786e-11
"152",-0.649273958893563,0.760865750446782,-0.853335767199809,0.393473130712036
"153",-0.607595570818371,0.207734587741863,-2.92486473929602,0.00344605973319593
"154",-1.0156084192633,0.254508792336223,-3.99046496563316,6.59438898833007e-05
"155",-0.874946032986038,0.215355990688023,-4.06278938510484,4.84897772629419e-05
"156",-1.82081560660951,0.282920283994148,-6.43579025478137,1.22832556938555e-10
"157",-1.69296575874103,0.331724761074921,-5.10352544457382,3.33383663739444e-07
"158",-0.635771409322001,0.23191733600075,-2.74137078445893,0.00611834205395183
"159",-2.28301861830269,0.372372119354121,-6.13101384245036,8.732080658069e-10
"160",-2.05702122756553,0.304338640047051,-6.75898803795508,1.3895886567811e-11
"161",-0.207167616796011,0.359921807114586,-0.575590621909875,0.564891921382809
"162",-0.189115319612357,0.312921874279173,-0.604353147404577,0.545608878460273
"163",-1.67036170535244,0.377572533819303,-4.42394919051987,9.69128219239104e-06
"164",-2.13814801150083,0.28243226506211,-7.57048069925945,3.71845678726493e-14
"165",-1.20143578011041,0.225386483695937,-5.33055825002902,9.79113213157914e-08
"166",-2.56656993293117,0.371413188318958,-6.91028216996721,4.83690630956941e-12
"167",-0.808978381253265,0.214821808633226,-3.76581123862738,0.000166009180681514
"168",-2.09327910621486,0.464145148515569,-4.50996657599373,6.48378406608055e-06
"169",-0.902892902033187,0.518703565778769,-1.74067224827654,0.0817410454625654
"171",-0.793561910531531,0.202322033695388,-3.9222713217993,8.77181331314199e-05
"172",-0.890986227514928,0.21433797011046,-4.15692201925657,3.22564031175967e-05
"173",-0.70303049536106,0.221155793672082,-3.17889250689709,0.00147838905736284
"174",-0.706477060293438,0.198629326051031,-3.55676110038218,0.000375455301266995
"175",-1.73652998347571,0.296635445138937,-5.85408794509491,4.79634785003232e-09
"176",-2.49002667638257,0.393571798755913,-6.3267405953719,2.50393760962142e-10
"177",-1.58213446380422,0.431578267058296,-3.66592709727553,0.000246444130880934
"178",-1.68156888756187,0.587047125887591,-2.86445297729617,0.0041773017095344
"179",-2.21597580930953,0.569566412603678,-3.89063638633389,9.99816613261021e-05
"180",-1.28726580868409,0.263817255715439,-4.87938442537882,1.06417461545804e-06
"181",-1.62814688200414,0.230594725854049,-7.06064232811053,1.65734690606329e-12
"182",-1.14501329818463,0.291492790648421,-3.92810160291636,8.56190405071415e-05
"183",-0.677512143649018,0.32654471130703,-2.07479135380023,0.0380058762630698
"184",-0.835897331478755,0.296296849780085,-2.82114822381395,0.00478520871814023
"185",-1.81917712316228,0.443693608681296,-4.10007511392617,4.13016063026952e-05
"186",-2.13924912428001,0.436322711857608,-4.90290573042217,9.44293075573728e-07
"187",-2.83917924241473,0.655763267638669,-4.32957956403734,1.49394288357797e-05
"188",-2.01521233860564,0.503702120277384,-4.00080177843183,6.31282230748152e-05
"189",-2.0551205919047,0.84091498812947,-2.44391005145015,0.0145290484012144
"190",-1.03140538238445,0.604835706427689,-1.70526536615404,0.0881449438301859
"191",-1.85520029924987,0.591771785206626,-3.13499282261674,0.00171858316293695
"192",0.172408770335522,0.196865233687512,0.875770531475302,0.381154793169836
"193",0.319016069808117,0.198063066429445,1.61067924252177,0.107249652242036
"194",-0.181059177189177,0.222977697372234,-0.812005771532033,0.416788319759438
"195",-0.776966261341855,0.239659498098829,-3.24195897723801,0.00118711108947662
"196",-2.84870608408335,0.632379135655235,-4.50474394784022,6.64530199997731e-06
"197",-1.74433007956631,0.249188113730392,-7.00005330693091,2.55865138163251e-12
"198",-0.0788258757059273,0.391369425375289,-0.20141040815935,0.840377677436753
"199",-0.561563837489124,0.292075605071886,-1.92266600749115,0.0545220084759088
"200",-1.41674345722889,0.236676146814836,-5.9860001791278,2.15064130113439e-09
"201",-1.29821980431136,0.32838475478497,-3.95334979896203,7.70646472179676e-05
"202",-2.43395990031203,0.524461269985055,-4.64087634227287,3.46934701560273e-06
"203",-3.53462267434388,0.660458156495647,-5.35177382485271,8.70962174814698e-08
"204",-0.644028178584346,0.333558485950763,-1.93078037498771,0.0535102182973973
"205",-0.623921788575594,0.387786952888181,-1.60892929462612,0.107631803025342
"206",-0.104802271356823,0.241627282086947,-0.433735257259197,0.664480700673461
"207",-0.974750946522088,0.223282882654386,-4.3655426467728,1.26807557419245e-05
"208",-0.12580391640572,0.258909450170393,-0.485899283795653,0.627038576220903
"209",-0.299238802749616,0.210436481133052,-1.42199109744863,0.155028835387649
"210",-0.926894837251652,0.29467074278664,-3.14552720262011,0.0016578777651339
"211",-0.826502085591715,0.277117399246481,-2.98249798763659,0.0028590652796545
"212",-0.298090668894778,0.19786453779699,-1.5065391313355,0.131928829594366
"213",-1.98616414097542,0.245223732427927,-8.09939609560086,5.52326771768039e-16
"214",-2.31389734352204,0.329836961207537,-7.01527607776532,2.29495341438899e-12
"215",-4.69791074023555,3.29676439592177,-1.4250065142802,0.154155318062761
"216",-1.09020434882611,0.211909936399836,-5.14465894024471,2.68007264677315e-07
"217",-0.0859695175358171,0.194784444189242,-0.441357203310824,0.658954419744872
"218",-1.90847856473299,0.3665981536703,-5.2059142841439,1.9304374482676e-07
"219",-0.992373331132251,0.365076837491163,-2.71825881354709,0.00656264818209081
"220",-1.73451377033662,0.382978981082761,-4.52900513086329,5.92620601108048e-06
"221",-1.27762342348319,0.277623303495029,-4.60200353284129,4.18446104923045e-06
"222",-1.82563660182263,0.492996590874398,-3.7031424468567,0.000212945232846458
"223",-2.05743783576274,0.21935664656727,-9.37941871358699,6.63374362405371e-21
"224",-1.13234836565229,0.456330338757768,-2.48142249041515,0.013085916666852
"225",0.107798929589861,0.183808576271126,0.586473883736809,0.55755710677979
"226",-0.670450092888304,0.270705233962454,-2.476679460809,0.013261093855586
"227",0.629236019664102,0.245285074007937,2.5653253554423,0.0103079098359677
"228",-0.0764799911356364,0.254070500181783,-0.301018776603015,0.763400176531644
"229",-0.317384785995978,0.3514660147088,-0.903031225533828,0.36650932274261
"230",-1.8699669491091,0.451200482607834,-4.14442586209377,3.40666144544059e-05
"231",0.151270234590857,0.370208561333548,0.408608147920617,0.682827250234274
"232",-0.711879816709928,0.794707012004563,-0.895776438305593,0.37037217624696
"233",-0.00633811565562636,0.43692153902,-0.0145063016802571,0.988426051779431
"234",-1.03355271729607,0.368292720914951,-2.80633490319442,0.00501085828204878
"235",-0.526040080241176,0.31249149291924,-1.68337408268943,0.0923026972212696
"236",0.281397435202726,0.290813663534248,0.967621093805953,0.333233638587042
"237",-0.439045600760804,0.305694404042211,-1.43622387245329,0.15093864815431
"238",-0.437666082429538,0.242221686643392,-1.80688231716381,0.0707806301932113
"239",-0.145572053889589,0.343134134279964,-0.424242415273137,0.671389030551766
"240",-1.50779633925795,0.376160855225156,-4.00838183535988,6.11362156932713e-05
"241",-0.762822567387853,0.375110374514164,-2.03359496088544,0.0419924503298824
"242",-0.794592728559866,0.442648223224711,-1.79508848532413,0.0726396030572001
"243",-2.94796105339557,0.746053668059451,-3.95140615160229,7.76933395302366e-05
"244",0.117417716379621,0.1807191705006,0.649724741732539,0.515870039140697
"245",-1.66723676811326,0.568010093483847,-2.93522384063176,0.00333307151379286
"246",-0.352167452491658,0.416478066158672,-0.845584632438934,0.397784501441567
"247",-1.0707257732866,0.520362907081529,-2.05765199385905,0.039623551741118
"248",-0.875759146581557,0.680208168223986,-1.28748695986429,0.197924611844894
"249",-1.64001768215284,0.475212556588721,-3.45112446928084,0.000558256046709528
"250",-1.13464366926857,0.705259120381462,-1.60883232343718,0.107653010927008
"251",-3.28663679845119,0.628590518359339,-5.2285815685377,1.70815469099233e-07
"252",-5.23331434952494,1.0418562436218,-5.02306760799588,5.08526334581869e-07
"253",0.418968620991135,0.868041328177165,0.482659762146284,0.629337338099348
"254",-3.27628492890248,0.837662259747636,-3.91122423241263,9.18294659466557e-05
"255",-3.77726072910868,0.828520473766962,-4.55904331722177,5.1387172323618e-06
"256",-3.1601756679289,0.822966772112172,-3.83997966262745,0.000123044502978876
"257",-4.53454840260031,0.880755936236784,-5.14847327850566,2.6261518856436e-07
"258",-3.84378984188275,1.03795671247344,-3.70322750042536,0.000212873821574089
"259",-4.6084910300691,0.898122705745104,-5.13124877100818,2.87826202070466e-07
"260",-5.58321273359854,0.927947128107319,-6.01673582953622,1.77969154927976e-09
"261",-6.27289482597518,0.975561800869484,-6.43003325917884,1.27576027981379e-10
"262",-5.49218089877436,0.933411921235978,-5.88398409514835,4.0050634346644e-09
"263",-0.808409248679795,1.3098439843406,-0.617179800300232,0.53711613770212
"264",0.199364355894531,0.265158540000616,0.751868508153907,0.452130138070779
"265",-0.111002136432653,0.229491717948183,-0.483686894782477,0.628608095302117
"266",0.235921296872509,0.190422259775074,1.23893759664011,0.215368609002413
"267",0.412773025690454,0.189533313475903,2.17783891454488,0.0294180315987702
"268",-0.290807160130521,0.213161872574903,-1.36425504532165,0.172487309153024
"269",0.48054495275527,0.189207283654321,2.53978041158933,0.0110922087168076
"270",-0.235316904282054,0.298285092094898,-0.788899313168454,0.430170857183286
"271",-0.721832175119827,0.199962820156942,-3.6098319405242,0.000306395454759432
"272",-1.17222216644112,0.305308715485753,-3.83946512819356,0.000123302640513021
"273",-0.743783367316047,0.256035812964849,-2.90499738572963,0.00367256167694618
"274",0.502069617589381,0.201614054419461,2.49025108410755,0.0127652878187006
"275",-2.18476661725021,0.264852241913822,-8.2490017885561,1.59723045795597e-16
"276",-0.0221533265934315,0.20064848392459,-0.110408641820376,0.912085299850106
"277",0.538097844623405,0.245039648884896,2.19596235577438,0.0280946379085429
"278",0.585786014108678,0.206091596341422,2.84235759491249,0.0044781231838093
"279",-0.117242445716224,0.18892731973456,-0.620569041475567,0.534883214384197
"280",0.69177798183958,0.19420095694598,3.56217596822661,0.000367793718923869
"282",-0.588088164775241,0.227221486598136,-2.58817145147604,0.00964869423015805
"283",0.466908441172037,0.198508972824308,2.35207726144086,0.0186688967774269
"284",-1.56753281392431,0.348488677135532,-4.49808822142787,6.85672460017964e-06
"285",-0.0683621349371042,0.225136465592277,-0.303647544422715,0.761396425494481
"286",-0.831184880192431,0.302976842469545,-2.74339409381092,0.00608076593248454
"287",-0.737066146718181,0.502882994635311,-1.46568119141253,0.142735160547638
"288",-0.33067795953302,0.683298326517202,-0.483943757360709,0.628425784809442
"289",0.474468921563686,0.204923130929816,2.31535073376458,0.0205937453640878
"290",-4.25784427174292,3.39096456520737,-1.25564398856599,0.209245075218392
"291",-0.440718074345595,0.25342821422048,-1.7390252924332,0.0820303141365653
"292",-1.46295726378306,0.333979370105551,-4.38038212755688,1.18471365346869e-05
"293",-1.00428996371536,0.424665023764937,-2.36489917349835,0.0180349801585157
"294",-0.362480831927839,0.430526045595161,-0.841948671018834,0.399816685230877
"295",-2.32045756524155,0.292153554114645,-7.94259570886812,1.97993472121629e-15
"296",-1.89451606131161,0.455850445870186,-4.15600352807621,3.23862823979571e-05
"297",-1.39274395630576,0.409597002114394,-3.40027868640696,0.000673172051180296
"298",-1.2455793469582,0.314269323049311,-3.96341372066645,7.38855741348399e-05
"299",-3.3379250309402,0.509923991437292,-6.5459266223811,5.91276085663989e-11
"300",-0.427977917481855,0.362314412113537,-1.18123348995497,0.237509980573442
"301",-1.44450821639829,0.366568265716329,-3.94062539367804,8.12694549051854e-05
"302",-0.928489807493458,0.415128483585782,-2.23663237818177,0.0253103769377368
"303",-1.71839300569116,0.340064822164177,-5.05313367832427,4.34619476384836e-07
"304",-3.57441627663167,0.540677075228011,-6.61100024469187,3.81731856543674e-11
"305",-2.61873162155917,0.559976080540703,-4.67650621617725,2.91803758539801e-06
"306",-6.74908382714946,1.21063785524,-5.57481644732768,2.47790992330756e-08
"307",-1.93962549924036,0.37863947198068,-5.12261832897159,3.01321881465914e-07
"308",-1.98371824431009,0.493222572014032,-4.02195348888788,5.77174567100001e-05
"309",-5.39711926633375,1.12685862354036,-4.78952652407905,1.67175300739421e-06
"310",-2.20399684805058,0.620359178440798,-3.55277543179111,0.000381189729172775
"311",-1.50809854829694,0.710184386040059,-2.12353098426452,0.0337093819422761
"312",-2.44370053181657,0.634402369363016,-3.85197258054098,0.000117170145353435
"313",-2.4034650672541,0.618310535340683,-3.8871488190474,0.000101428574855037
"314",-2.41809758033928,0.615215087390928,-3.93049135156001,8.47724429618474e-05
"315",-1.98928377858878,0.619908763021525,-3.20899444765504,0.00133200064307217
"316",-3.39548989564744,0.489447938792642,-6.93738726129555,3.99417834869407e-12
"317",-4.67107419890907,0.691312114436588,-6.75682387356388,1.41049476255321e-11
"318",-3.79375120819455,0.642626581903257,-5.90350806366997,3.55852222926784e-09
"319",-3.78121501591877,0.628551431553311,-6.01576072553747,1.7904387257042e-09
"320",-4.79593056662055,0.669747583672923,-7.16080308990361,8.02057879779274e-13
"321",-2.77170156781927,0.684127081733435,-4.05144254894333,5.09028256284599e-05
"322",-8.17268238612336,3.25912093426234,-2.50763397583868,0.0121542495677694
"323",-1.95354699345335,0.303882014241495,-6.42863645066162,1.28753646775836e-10
"324",-2.7538349951909,0.491101050335923,-5.60747119825384,2.05304164101774e-08
"325",-2.55874285145498,0.471963760092666,-5.42148162170882,5.91070747146128e-08
"326",-3.15854711103922,0.385019751356359,-8.20359760742714,2.33298075474581e-16
"327",-4.54043042043242,0.639305732600193,-7.10212686810349,1.22851371886141e-12
"328",-3.49953329644773,0.493896117611304,-7.0855655099558,1.38477643167314e-12
"329",-3.8778909097721,0.406964102661125,-9.52882793449029,1.59068942981094e-21
"330",-4.35541291278171,0.500058315030233,-8.70980999989648,3.0438456517232e-18
"331",-5.21171662786861,0.539581339094568,-9.65881554876232,4.51048607996775e-22
"332",-3.64811842118569,0.493440251063036,-7.39323233831538,1.43301755655312e-13
"333",-4.89924182663799,0.53763113001594,-9.11264536801046,8.03972590524938e-20
"334",-6.33948274709359,0.745079537075948,-8.50846444122299,1.76251934696172e-17
"335",-7.36726614669909,1.06208052559568,-6.93663612988956,4.01546309266975e-12
"336",-4.82421182042787,0.894636425495334,-5.3923713398511,6.95338845219385e-08
"337",-1.40422488895095,0.375174153869391,-3.74286148037746,0.000181936533454819
"338",-0.0193300587510878,0.180133105723218,-0.107309862190403,0.914543160826389
"339",-0.694685242729594,0.330171031472313,-2.10401633248024,0.0353770223411102
"340",-1.07048072348668,0.292088204291994,-3.66492281357772,0.000247413188647631
"341",-0.24386675147691,0.226729700283988,-1.07558361860602,0.282113516912384
"342",-0.628011087535327,0.234745610919893,-2.67528361903915,0.00746660546395541
"343",-1.11574462820969,0.32956217066286,-3.38553610678542,0.000710393631049447
"344",-0.0937612212409471,0.262834250165294,-0.356731366562697,0.7212929213316
"345",-2.35892453796253,0.414082026050422,-5.69675665583052,1.22108017204819e-08
"347",-1.12853892918431,0.779619749580294,-1.44755046263497,0.147742813829643
"348",-0.967436128771168,0.337853099036876,-2.86348158868176,0.00419013164617901
"349",-1.35579046640473,0.344036329082957,-3.94083517289771,8.11984078779686e-05
"350",-0.244937514956842,0.338106140225976,-0.72443971231382,0.468795826812202
"351",-0.282073170562638,0.23136983429956,-1.21914410932858,0.222789500753221
"352",-3.28569777524821,0.476773212707543,-6.89153183877318,5.5194764581006e-12
"353",-0.917480525552342,0.366147519571259,-2.50576742026456,0.012218596244688
"354",-1.82896054463722,0.450513463984048,-4.05972449405414,4.91306515562541e-05
"355",-2.35063728409092,0.797729256081874,-2.94666049435909,0.00321225673329738
"356",-2.0299283892644,0.504131496669081,-4.0265851324042,5.65927553508694e-05
"357",-0.407069978233304,0.677255067181453,-0.601058593666071,0.547800960727424
"358",0.271699156330948,0.248641815221236,1.09273315950174,0.274510976215081
"359",-0.438436409491258,0.257649484309354,-1.70167780722137,0.0888157828726418
"360",-0.448010634406928,0.228247796859872,-1.96282566828882,0.049666434168989
"361",-0.693673803435297,0.245004543599565,-2.83126913992679,0.00463636897514821
"362",0.0437903865361549,0.250222682315411,0.175005663479205,0.861075183451331
"363",-0.33831324572997,0.279871813757241,-1.20881499708085,0.226733928617641
"364",-0.268562997076566,0.270562005821174,-0.992611642796848,0.320899248688349
"365",-0.666931495805782,0.432390445977084,-1.54242884414039,0.122969416786422
"366",-0.862589355353201,0.384193851618801,-2.24519302357047,0.0247557437771407
"367",-0.38204492705936,0.265592437386562,-1.43846312349363,0.150302693389417
"368",-1.14859848216379,0.268663673583067,-4.27522808292375,1.90941716939505e-05
"369",0.811800466607301,0.304275516986107,2.66797826735553,0.00763091939518886
"370",-1.41628587311078,0.855337506121739,-1.65582107995297,0.0977580575293025
"371",0.0401243057714535,0.237859369491998,0.168689195877161,0.866041117431725
"372",-2.54360600757934,1.08753798004276,-2.33886636996285,0.0193423504726018
"373",-0.294363071658544,0.272142606705959,-1.08165007758816,0.279408043755003
"374",-0.905011622158535,0.225245587618559,-4.01788834901006,5.87220074533826e-05
"375",-0.345395746673347,0.27942158344005,-1.23610976081757,0.216417767160943
"376",-0.591571712203709,0.370265258821251,-1.59769705126264,0.110110415338528
"377",-0.883269769211833,0.369711134284888,-2.38908079119741,0.0168905875815716
"378",-0.689730839876287,0.29772884351605,-2.31664098019816,0.0205232970675608
"379",-3.25363144189665,0.461761140482552,-7.04613523454252,1.83955479901618e-12
"380",-0.047663266055483,0.392763074163994,-0.121353735090641,0.903410860021517
"381",-0.00707175410941785,0.2348471508344,-0.0301121562867264,0.975977605813305
"382",-0.198094469356967,0.206198131777852,-0.960699632188637,0.33670321622281
"383",-0.103200233895235,0.276218063930226,-0.373618699757826,0.708688019497102
"384",-0.0130181919447523,0.307095540992405,-0.0423913414785604,0.966186730645457
"385",-0.104268448771696,0.279157662920317,-0.373510967533278,0.70876818409947
"386",0.683165072013296,0.199036814181801,3.43235533999902,0.000598363002825012
"387",0.259595251622559,0.193333517819286,1.34273277883046,0.179358516745869
"388",-0.305619510805903,0.371178009267957,-0.823377202244956,0.41029352330932
"389",-0.233709184399246,0.256008394589725,-0.912896566434021,0.361296943539187
"390",-0.496311258636523,0.394876698077427,-1.2568765415963,0.208798344189356
"391",0.473185737888325,0.256343239000638,1.84590683855387,0.0649057335533433
"392",-0.203779067344011,0.341465480656889,-0.596777943562536,0.550655645723494
"393",0.287888693297209,0.333486295771647,0.863269936268503,0.387989069587108
"394",-0.109838785696295,0.210803606804551,-0.521047942970601,0.602333373642028
"395",-2.34146983625526,1.03711800230545,-2.25766964901805,0.0239662628178105
"396",-0.86264658806864,1.1194683354609,-0.770585965447138,0.440952382551765
"397",0.210436745378212,0.190258157351908,1.10605899009618,0.268700987501394
"398",0.146147844497014,0.188504199662187,0.775302856694553,0.438160721740886
"399",-0.166560243849543,0.239219941293806,-0.696264044496928,0.486263486039863
"400",-0.11680740311415,0.286017646061959,-0.408392295798583,0.682985688651525
"401",-1.61957397386331,0.274188608391589,-5.90678797111175,3.48842254318401e-09
"402",-0.243079174561128,0.270284421135363,-0.899345857745128,0.368468468372099
"403",-1.75314726748336,0.671899343755852,-2.60924092838584,0.00907433283356234
"404",-0.958822233811334,0.306269639955065,-3.13064734053303,0.00174421478263552
"405",-1.22646233180956,0.578709511564719,-2.11930564004977,0.034064645322722
"406",-0.20528735451179,0.274388146800618,-0.748164076711959,0.454361196194249
"407",-0.430162680173926,0.570790754910667,-0.753625871605523,0.45107390478794
"408",-0.432493271604512,0.384588467360858,-1.12456120843245,0.260775019539858
"409",-0.243461777233173,0.282201620306477,-0.862722818418861,0.38828988339562
"410",-0.0768912568949585,0.199235464491381,-0.38593157644524,0.699547344225356
"411",-0.60701120093956,0.241574226608597,-2.51273163309367,0.0119800429797302
"412",-0.888359770883286,0.263365909198774,-3.37310084507862,0.000743267250751609
"413",-1.39047019097839,0.25722698484319,-5.405615557116,6.45861944027123e-08
"414",-2.17331379517948,0.292235770306202,-7.43685070757185,1.0311397110065e-13
"415",-1.33129556474904,0.2801234566095,-4.75253154756298,2.00885413205946e-06
"416",-1.54468137550458,0.278664155816283,-5.54316492905157,2.97052820475512e-08
"417",-1.57315002425765,0.382637929890532,-4.11132797187072,3.93389925289617e-05
"418",-0.45790489075622,0.352367737310892,-1.29950855958249,0.193769457884962
"419",-1.08323583632219,0.248766170835792,-4.35443385522553,1.33411254602616e-05
"420",-0.0173171876579055,1.19345867641906,-0.0145100856863056,0.988423032897162
"421",-1.93305608717906,0.324384129339098,-5.95915740735369,2.53541794068331e-09
"422",-0.502159570781562,0.269478239769752,-1.8634512798162,0.0623988010526694
"423",-2.11252378461432,0.344788405164132,-6.12701515762597,8.95429447995727e-10
"424",-2.22562670234339,0.352501904674811,-6.31380050101167,2.72264877112126e-10
"425",-1.68000312773809,0.353426353845541,-4.75347440692639,1.99950425486126e-06
"426",-2.1646044074563,0.386847046258508,-5.59550454990373,2.199810785433e-08
"427",-1.65340615038351,0.571731356014435,-2.89192840831659,0.00382885183989003
"428",-1.85913671581836,0.287309000086446,-6.47086139055507,9.74457938038345e-11
"429",-2.53965456560755,0.402869423559145,-6.3039149091311,2.9021986645394e-10
"430",-0.676177065607312,0.257756026981479,-2.62332203644611,0.0087076923126033
"431",-0.384386469901497,0.228115243328291,-1.68505385389046,0.0919781816919822
"432",-0.856940306798081,0.263883106590308,-3.24742389867542,0.00116454802475414
"433",-0.401996995717713,0.263966102788412,-1.52291143245745,0.127780865164573
"434",-2.15899775232019,0.268261596241742,-8.04810596286255,8.40851344781126e-16
"435",-2.37753458654207,0.368224286177004,-6.45675659046345,1.06970740691053e-10
"436",-1.16568523775644,0.306695300125777,-3.80079263450853,0.00014423396978433
"437",-0.287535569614025,0.222297352772797,-1.2934727563216,0.195847600692611
"438",-2.40906621775594,1.1143209421556,-2.16191415472793,0.0306247937472857
"439",-0.159900913532923,0.227773607474844,-0.702016863611307,0.482668646806712
"440",-0.653670593608759,0.229457122218586,-2.84877012004908,0.00438885792409155
"441",-2.34263199757764,0.281585240082517,-8.31944173242581,8.83785898925503e-17
"442",-0.646490971440049,0.235538968587587,-2.74473041686792,0.00605606237066075
"443",-0.472780737441032,0.220939729176511,-2.13986293548556,0.032365845252498
"444",-3.30283288999156,0.366444559801562,-9.01318576479922,2.00155836305005e-19
"445",-2.47349373907469,0.315811141134953,-7.83219277884091,4.7943364614792e-15
"446",-0.780481054461377,0.271784792585857,-2.87168773144223,0.00408286193880035
"447",0.852792995084965,0.613942452779252,1.38904386107275,0.164819413011371
"448",-0.578640115295548,0.240414861630548,-2.40684004046621,0.0160912161276749
"449",0.911395905257617,0.548169927390273,1.66261565933868,0.0963893945093967
"450",-1.27488947218731,0.879963012465358,-1.44879893146361,0.14739374229051
"451",-1.85185330574321,1.13620856466308,-1.62985332388543,0.103132500633323
"452",-0.35827089786494,0.803641572155711,-0.445809313851079,0.655734993390785
"453",-0.966831662368386,0.517887673527888,-1.86687521597543,0.0619190156243867
"454",-1.10213337648682,0.433193729155298,-2.54420436472132,0.0109526982820447
"455",-2.2837937258966,1.04104315568016,-2.19375509404748,0.0282530207263096
"456",-1.36221367058468,1.08047356477183,-1.26075613045872,0.207396723903023
"457",-2.76983394345635,0.505267090620886,-5.48192034445128,4.20733673085055e-08
"458",0.222269942705429,0.261657436746884,0.849469235305712,0.395620241932472
"459",-0.256528079912384,0.388617074271712,-0.660105015697344,0.509186440205995
"460",-1.1166932264967,0.379543362483535,-2.94220196393274,0.00325887310754975
"461",-0.940753243712076,0.349890411773919,-2.68870826994809,0.00717290748857946
"462",-2.25821187643957,0.420084261428961,-5.37561647455686,7.63210950043998e-08
"463",-1.16000041355315,0.628882515744886,-1.84454231833616,0.0651041444504834
"464",-1.2043225411574,0.318159733401434,-3.78527643420502,0.000153537811303555
"465",-0.15195628098632,0.6124643408249,-0.248106331842368,0.804052136659976
"466",-2.56226985717874,0.441217678822866,-5.80726924636083,6.34999781302534e-09
"467",-1.87267130771044,0.432204782690249,-4.33283337600763,1.47202518583502e-05
"468",-2.93339184863658,0.439561344961453,-6.67345270975504,2.49854120646221e-11
"469",-1.31901359253092,0.424114408899433,-3.11004192466304,0.0018706079103092
"470",0.20892192898043,0.628885733739914,0.332209680982894,0.739730934133811
"471",-3.06873589878886,1.08956787141254,-2.81647062042172,0.00485544836083829
"472",-1.52429765912754,1.08559557338077,-1.40411189627511,0.160285531678888
"473",-1.70908445424385,1.08060459440302,-1.58160021074872,0.113740865888147
"474",-1.89472251041314,1.07362434609034,-1.76479093205446,0.0775989092224697
"475",-0.724355014821673,0.287959353505162,-2.51547659766741,0.0118871568794458
"476",-2.07055606738255,0.376014803455484,-5.50658125253221,3.65869137232646e-08
"477",-1.60701297602479,0.384398156624322,-4.18059490747075,2.9074742707218e-05
"478",0.316409942471083,0.500258293230844,0.632493147545033,0.527064684726209
"479",-0.331514702102402,0.324945610001905,-1.02021597429939,0.307626043213254
"480",5.0390649370588,3.22779922035225,1.56114571974799,0.118489372771102
"481",-0.686511537739239,0.786901383856098,-0.872423853641084,0.382977192140215
"482",-0.779002020827197,0.653291260384304,-1.1924268210307,0.233093928801979
"483",-1.58655500855691,1.07628267997652,-1.47410623442488,0.140452990198404
"484",0.115324694576657,0.713444150916181,0.161645020746979,0.871585402068908
"485",-1.94343519380337,0.463058410962566,-4.1969547421966,2.70527967442033e-05
"486",-2.56434601029568,0.42547416413929,-6.02703107833398,1.66998900577672e-09
"487",-3.3727516424705,1.06886130476665,-3.15546238546528,0.00160243927103839
"488",0.874887124795363,0.939302674692793,0.931421945627379,0.351635343198491
"489",-1.37452466870008,1.07843358186514,-1.27455662714327,0.202466217509219
"490",-2.39621592275145,0.446666145878828,-5.36466876852024,8.1097901726626e-08
"491",-2.55715980017019,0.638446171613081,-4.00528644992786,6.1942372057812e-05
"492",-1.48260071945163,0.767605268590405,-1.93146240667969,0.0534258940114428
"493",-0.642509919811323,0.41996964045665,-1.52989611133008,0.126042446074899
"494",-1.72285356520609,0.225689662297059,-7.63372831378702,2.28060266195903e-14
"495",-2.87786287727821,0.465664425843291,-6.18012181640581,6.4052158254187e-10
"496",-2.23673453700101,0.284650928439895,-7.85781570873501,3.90889839175317e-15
"497",-3.68646974569869,0.562733168109903,-6.55100846122279,5.714982036363e-11
"498",-1.66207267418542,0.579648404204659,-2.86738074689599,0.00413884751898888
"499",-0.827086957960046,0.228501960604561,-3.6196055201092,0.000295052475498915
"500",-0.3238855640646,0.233385990237494,-1.38776780789204,0.165207760477599
"501",-0.158125101258784,0.254565123286232,-0.621157758052303,0.534495829848599
"502",-0.247797902280199,0.779886869008565,-0.317735702609295,0.750685426756593
"503",-2.08696545344021,0.588934949397362,-3.54362643204607,0.00039466402659709
"504",-0.343638888805713,0.325311045820939,-1.05633944257418,0.290813161986875
"505",-1.84579299144954,0.855426585222456,-2.15774564800267,0.0309476127653407
"506",-2.55569425105515,1.09459771639481,-2.33482512595829,0.0195525580494077
"507",-1.15586751977269,1.08102221237758,-1.06923567946906,0.284963485255395
"508",0.0989316045002526,0.261910441921777,0.377730661574004,0.705630687768071
"509",-1.02889824300105,0.244829966117217,-4.20250126779189,2.6398176958775e-05
"510",0.247735229919709,0.210202972280749,1.17855245923369,0.238576431630958
"511",-0.735774660109416,0.269602048893699,-2.72911375536142,0.00635047933783335
"512",-1.80314750400961,0.355958856832312,-5.06560651434796,4.071020657696e-07
"513",-1.83112232951134,0.313362252968651,-5.84346810173887,5.11250917744903e-09
"514",-1.57473992773106,0.570144883835088,-2.76199957656122,0.00574485529436545
"515",1.87898417393321,1.43071291673501,1.31332019998896,0.18907507462499
"516",-0.340037952239509,0.284558531907071,-1.1949666381838,0.232100064986337
"517",-1.47047233046474,0.581313603394075,-2.52956807113956,0.0114203018729419
"518",-0.61261091465323,0.66406656210018,-0.922514322533848,0.356260363029667
"519",-2.48118420502481,1.06826097977502,-2.32263861734175,0.0201985743386194
"520",-5.77219790738941,3.27070120050263,-1.76481969875523,0.077594072882444
"521",-1.21884360662313,1.09310343178326,-1.11503044559538,0.2648373752182
"522",-0.979540867753922,0.238854075719531,-4.10100126951205,4.1136630304059e-05
"523",-0.547938696044132,0.223348338990274,-2.45329201247381,0.0141555373670948
"524",-1.5180094765348,0.324260278968595,-4.68145368086179,2.84847762676717e-06
"525",-0.159130284584282,0.205924977971124,-0.772758536395698,0.439665296522009
"526",-1.86420136115535,0.359189479327253,-5.19002217060178,2.1026904300345e-07
"527",-0.665924350153674,0.800720043207575,-0.831656901563338,0.405602634083329
"528",0.271181440490865,0.260273013527591,1.04191147908662,0.297452721590358
"529",-0.864535331303639,0.264964891576673,-3.26282975136526,0.0011030576301713
"530",-0.903755468326276,0.344581727211309,-2.62276086326557,0.00872204683523139
"531",-0.630156477001767,0.243313465266031,-2.58989561598153,0.00960050382674758
"532",-0.130471898209959,0.213460184786159,-0.611223579426126,0.54105157524121
"533",-2.03761011565338,0.359287545208411,-5.67125173924808,1.41757913955315e-08
"534",0.0524493383658662,0.282101284730159,0.185923784133192,0.852504530344649
"535",-0.877062143780986,0.267986669374931,-3.27278273141981,0.00106494304322119
"536",-2.47839739908971,0.574575759375346,-4.31343884361589,1.60734616977251e-05
"537",0.449174416787457,0.232254401878841,1.93397590380988,0.0531160905682202
"538",-1.3561673580078,0.365661236573276,-3.70880810532957,0.000208237164494041
"539",-2.84727353140534,0.59533009183342,-4.78268034904245,1.72973074148485e-06
"540",0.65544541249207,0.540326938625977,1.21305336757563,0.225109417243768
"541",-1.90305069246071,0.832184478107162,-2.28681349211088,0.0222067116355939
"542",-0.125852432607734,0.293522132456862,-0.428766415514613,0.668093221908298
"543",-0.759576415023907,0.80812880126684,-0.939919990270337,0.347258602618417
"544",-0.177727733011602,0.288945275119824,-0.615091328065148,0.538494408720693
"545",-1.24810710811465,0.274409578092253,-4.54833652962017,5.40716205972743e-06
"546",-5.61354392147155,3.23661334300415,-1.73438817880581,0.0828492311070286
"547",-1.36160321947496,1.07980373199742,-1.26097287787315,0.20731861908961
"548",-0.886874456229908,0.418757950017181,-2.11786894121896,0.0341861686423641
"549",-0.106403702656773,0.780546554401325,-0.136319482876181,0.891568722546196
"550",1.04728527552645,0.718182378544768,1.45824418255504,0.144773249441512
"551",-0.0472390928060564,0.295111477165691,-0.160072028576286,0.872824334989476
"552",-0.343556630359522,0.50905532259317,-0.674890557296241,0.499745300222983
"553",-0.187859400322492,0.570261580294694,-0.329426717166202,0.741833176357034
"554",-0.595892750811605,0.575039127839629,-1.03626470263045,0.300078668521258
"555",0.706676961741183,0.594952573597885,1.18778704908807,0.234917318020147
"556",-0.536780886246538,0.317717359176946,-1.68949184154458,0.0911252140150958
"557",-3.00065338153525,0.671369840738488,-4.46944917608246,7.84212899560435e-06
"558",-1.43008391101836,0.619224405141315,-2.30947601409863,0.0209171811881446
"559",-0.159602856092511,0.331930326305686,-0.48083240199489,0.630635619359172
"560",-1.8121083565495,0.376315166036039,-4.81540081320016,1.46904719934047e-06
"561",-0.391549484282151,0.347348886498302,-1.12725130121891,0.259636245856721
"562",-1.51155250276327,0.696611570510127,-2.16986419225905,0.0300171356764861
"563",-2.07623568133909,0.467449461864996,-4.4416259953653,8.9281644025021e-06
"564",-5.06433449447883,3.26561622269701,-1.55080516175789,0.12094838324904
"565",-0.0982814223677073,1.12862436331148,-0.0870807201780948,0.930607350231623
"566",-1.10902924485846,0.291862136525183,-3.79983939699136,0.000144789891580025
"567",-1.0098442393183,0.367917776076804,-2.7447552278841,0.00605560456484959
"568",-0.599297141353901,0.574635475763088,-1.04291706069498,0.296986707316686
"569",-3.13985094599727,0.484392143445539,-6.48204350232258,9.04885389006009e-11
"570",-0.231497482159368,1.15840170396785,-0.199842145748253,0.841604038573817
"571",-0.501236513739913,1.14144466461237,-0.439124671812392,0.660571203082184
"572",-3.72483614347833,2.42234619549736,-1.53769768763938,0.124122549308346
"573",-6.12417720850511,3.88896258298682,-1.57475858350933,0.11531217963938
"574",-2.48952969428796,1.06073758865784,-2.34697980057253,0.0189262807967124
"575",0.441427532837022,0.338267374695765,1.30496632503811,0.191904314780702
"576",-0.137077382826384,0.385573556244352,-0.355515518651162,0.722203421079546
"577",1.3878907703558,0.347982323412434,3.98839445850487,6.65219863329303e-05
"578",-0.212419310335362,0.34498551963659,-0.615733989528387,0.538070100402634
"579",0.174771693311598,0.347472734231227,0.502979589746157,0.614978622111924
"580",0.493131898144503,0.329444524335444,1.49685868702553,0.134430031906499
"581",-6.50486093126299,3.18931317118133,-2.03958049339306,0.0413921265464579
"582",-0.293764052794568,1.11859632667529,-0.262618467260392,0.792844664738096
"583",-0.229892049857453,0.538327991659325,-0.42704829289824,0.669344153300456
"584",-0.495407357791562,1.1178597472682,-0.443174878603713,0.65763924797029
"585",-1.27780484509808,0.455574852978669,-2.80481865217856,0.00503448964830079
"586",-0.916072884188041,0.467521193387719,-1.95942536326548,0.0500629927571302
"587",-0.569452842979114,0.332259776564616,-1.71387836609939,0.0865510670248285
"588",-0.497847105686703,0.331836663061518,-1.50027757961877,0.133542514615987
"589",-1.0838127027422,0.687988851093276,-1.57533468895596,0.115179210984122
"590",-1.39145262779394,0.430093956914908,-3.23522943166865,0.00121545021106258
"591",-7.00427797288191,3.18215935235241,-2.20110849184972,0.0277283442681022
"592",-0.4854765946943,0.645887359045183,-0.751642818047998,0.452265886474996
"593",-1.27483778366254,1.09824842242985,-1.16079181870527,0.245726570880895
"594",-1.72446571026185,0.541433397368117,-3.18500062730597,0.00144753694457916
"595",-0.534624111344796,0.306933492754842,-1.74182395849455,0.0815392530428969
"596",-1.83863228527771,0.432879880243419,-4.24744223326758,2.16224891640533e-05
"597",-0.646626000086405,0.280925845516169,-2.30176756751699,0.0213482834708909
"598",-2.74869810580118,0.902439167051122,-3.04585417627986,0.00232020333829828
"599",-0.521910155375569,0.30736261482385,-1.69802744447198,0.0895025821292782
"600",0.11967803412847,0.38046150930272,0.314560162334966,0.753095630523688
"601",-0.752617051699117,0.380666483298083,-1.97710354002923,0.0480299277235284
"602",-1.00771470248366,0.304663557446877,-3.30763124716473,0.000940886115886643
"603",-1.13440786096716,0.411204625985982,-2.75874294518719,0.00580241572957282
"604",0.540141256614765,0.288922685179581,1.86950102681981,0.0615531409135427
"605",-1.44252911268159,0.351010174309306,-4.10965042685759,3.96258518035786e-05
"606",-1.94770504944903,0.580632238925853,-3.35445557251904,0.000795213215951711
"607",-2.47374194759497,1.09626032447886,-2.25652784503621,0.0240375934760062
"608",-0.614744242627516,0.243995427108863,-2.5194908360034,0.0117524699555809
"609",-1.12058506979644,0.366909641004478,-3.05411726638921,0.00225723829408219
"610",-1.52066299195284,0.381282931446343,-3.98827974329829,6.65541552317827e-05
"611",0.260904250166779,0.790395703331596,0.330093204033172,0.741329538108252
"612",-0.36911376610748,0.559940817476886,-0.659201391623351,0.509766453416572
"613",-0.0566830211985891,0.651809124458063,-0.0869626077200398,0.930701234183657
"614",-0.312492510180914,0.275456575873728,-1.13445289585014,0.256604621723252
"615",-3.77494478160705,0.574389587588278,-6.5720982120465,4.96111200776528e-11
"616",-1.83329114662745,0.884647775331484,-2.07234019883281,0.0382337260463982
"617",-0.219808200739563,0.350850142522253,-0.626501671509573,0.530985940874263
"618",-1.03583187693732,0.97954058515064,-1.05746703366867,0.290298492311604
"619",-0.430328825273925,1.01549469448191,-0.423762750915675,0.671738846148189
"620",-2.04113229909371,0.99563115689973,-2.05008881547011,0.0403557646282419
"621",-4.15310264681881,0.985042563046005,-4.21616567915232,2.4849122705677e-05
"622",-2.48988499197592,0.929718342263177,-2.6781067757735,0.00740396114163284
"623",-4.54172047858052,0.956395538552575,-4.74878885931863,2.046384474774e-06
"624",-4.5515909739783,0.956696176078613,-4.75761384626282,1.95894779717722e-06
"625",-5.22278634741263,0.967628355003307,-5.39751271281708,6.75710873496922e-08
"626",-6.31424023957386,1.01219704045549,-6.23815323223277,4.42766837605307e-10
"627",-6.24982922089883,1.0054904443523,-6.21570225356518,5.10956114849501e-10
"628",-5.93860390754436,0.997748233662787,-5.95200643527418,2.64874956138423e-09
"629",-2.34581337875761,1.09160875769004,-2.14895067690883,0.03163831000876
"630",-4.54791017843869,1.1207058536497,-4.05807658060137,4.9478544251042e-05
"631",-4.14421764315543,0.753138082108882,-5.50260004321,3.74230740369027e-08
"632",-4.46005574461381,0.673271933106406,-6.62444923856484,3.48545262785017e-11
"633",-4.17113539736575,0.690677988174826,-6.03918970747616,1.54890057098437e-09
"634",-5.20006488318936,0.700355832684103,-7.42488980674322,1.12873846238523e-13
"635",-5.44033455689095,0.707174594657829,-7.69305712901535,1.436603277279e-14
"636",-6.18359713112148,0.787110220728118,-7.85607525894065,3.96356975900809e-15
"637",-3.74610503205751,0.64873455687362,-5.77448047489674,7.7190879720552e-09
"638",-5.22961122932038,0.693330658617963,-7.54273760191814,4.60206571095485e-14
"639",-6.77686170836173,0.83609202306203,-8.10540170392099,5.2571531091526e-16
"640",-8.47455559323729,1.17897871814358,-7.18804797984931,6.57241679551323e-13
"641",-7.74027120594058,1.05741912216676,-7.31996522824361,2.4803521732532e-13
"642",-6.78797975482288,0.974542372569955,-6.96529976107902,3.27705223631577e-12
"643",-10.7360759382893,3.30922896245391,-3.24428320315682,0.0011774661255015
"644",-3.52091789165574,1.02705710900589,-3.42816174561482,0.000607683287706402
"645",-8.22594500553155,1.31079116669599,-6.27555724705262,3.48384263406401e-10
"646",-2.14511129676188,0.528010888473162,-4.06262700938772,4.85235305526976e-05
"647",-1.10401298861844,1.09088754194899,-1.01203189711563,0.311522802561521
"648",-0.347707580737781,0.675778759976218,-0.514528720538683,0.606882385716742
"649",-1.74517037253537,0.627091704982781,-2.78295879002783,0.00538656475022119
"650",0.438716450335918,1.16831549072237,0.375511969001336,0.707279746657161
"651",-1.50567156826161,0.579464156287324,-2.59838602944584,0.00936631317587104
"652",-0.534134408788782,0.526947160125693,-1.01363941056514,0.310754845023876
"653",1.64901778183226,1.01258452493378,1.62852358615701,0.103413912204351
"654",-2.2354286149346,0.47243364391198,-4.73173035777928,2.22613998137332e-06
"655",-0.432344278449047,0.389777866354119,-1.10920684771838,0.26734095921139
"656",0.263245305946568,0.470085183874988,0.559994900874337,0.575482915773686
"657",-0.17155365042782,1.09584459381016,-0.15654925104968,0.875600101037405
"658",-1.32812321815513,0.560216612810076,-2.37073158450835,0.0177529183888853
"659",-0.663947528519309,0.654759129768113,-1.01403325029534,0.310566886626931
"660",-0.929455966417086,0.528755019594052,-1.75781965555744,0.0787781998384361
"661",-1.25006151761626,0.372072268190335,-3.35972773164806,0.000780193201313758
"662",-1.32922363141564,0.368105802974175,-3.61098255087516,0.000305039186648548
