0,0 1 2 3 4 5 6 7 8 9 10
1,0 1 4 3 2 5 8 9 6 7 10
2,0 1 2 3 5 4 8 6 7 9 10
3,1 0 3 2 5 4 6 7 8 9 10
4,0 2 3 5 1 4 7 9 8 6 10
5,2 5 4 0 3 1 8 6 9 10 7
6,11 12 13 14 15 16 17 18 19 20 21
7,11 13 14 12 19 21 16 15 20 17 18
8,12 13 11 16 19 15 14 20 17 18 21
9,15 18 19 14 17 20 21 22 11 13 12
10,11 13 14 22 12 19 18 15 20 17 21
11,14 13 11 12 22 17 15 19 20 18 21
12,23 24 25 26 27 28 29 30 31 32 33 34
13,24 27 23 25 33 28 31 32 26 30 29 34
14,23 24 25 28 31 29 27 33 30 32 26 34
15,27 24 25 23 31 30 28 26 32 33 29 34
16,27 24 23 30 25 31 33 28 29 32 26 34
17,27 31 25 30 24 23 28 33 29 26 32 34
18,24 27 23 25 33 28 29 30 32 31 26 34
19,27 24 29 25 23 30 32 26 28 33 34 31
20,24 25 31 27 23 30 33 28 35 32 29 34
21,24 25 23 28 31 33 27 35 30 29 32 34
22,36 37 38 39 40 41 156 43 44 45 46 47
23,37 39 41 36 45 40 38 156 43 44 46 48
24,41 36 39 38 40 37 45 156 43 44 47 46
25,41 39 36 37 38 43 40 156 45 44 48 46
26,41 39 37 38 36 43 40 156 44 45 47 46
27,37 39 38 36 41 40 156 45 43 44 47 46
28,41 36 38 40 37 39 156 43 45 44 47 46
29,41 36 38 37 40 156 39 45 43 44 48 46
30,36 37 41 40 39 43 45 44 156 46 38 48
31,41 37 36 39 40 38 43 156 45 44 46 48
32,49 50 31 51 52 53 54 55 56 57 58
33,51 31 50 49 55 54 52 53 57 56 58
34,55 50 57 51 54 31 56 49 52 53 58
35,51 49 31 52 54 50 55 56 57 53 58
36,51 54 49 55 52 50 31 53 57 56 58
37,31 51 53 55 50 52 54 49 59 56 57 58
38,51 54 55 53 50 49 60 31 58 57 56
39,50 31 54 60 49 58 55 51 53 57 56
40,61 62 63 64 65 66 67 68 69 70
41,63 61 65 68 66 62 64 69 70 67
42,62 63 61 65 69 66 64 68 70 67
43,62 63 61 68 64 70 66 71 69 67
44,68 63 62 70 61 64 71 69 66 67
45,62 63 61 68 66 64 70 69 67 71
46,62 61 63 68 69 70 66 64 67 71
47,62 61 66 63 67 71 64 68 70 69
48,72 73 74 75 76 435 78 79 80 81 82 83 84 85 86
49,74 76 84 73 79 82 78 72 435 80 81 75 85 83 86
50,74 73 79 72 82 76 85 78 75 84 83 86 80 81
51,72 76 74 79 84 73 78 81 82 75 85 435 83 86 80
52,74 73 76 79 80 72 435 75 82 83 85 81 87 88 84 86
53,89 90 91 92 93 94 95 96 97 98 99 100 101 102 103
54,89 90 93 92 91 94 98 101 96 95 102 99 97 100 103
55,90 96 93 92 89 98 101 94 104 102 100 91 103 95
56,89 93 91 103 94 92 96 104 101 98 95 90 102 97 100
57,94 89 101 93 90 100 92 96 105 102 103 99 91 97 98 95
58,106 107 108 109 110 111 112 113 114 115 116 78 117 118
59,109 106 112 114 108 107 111 110 118 78 115 113 117 116
60,108 109 114 116 115 110 107 111 112 78 106 118 117 113
61,111 108 110 118 113 106 115 112 107 78 109 114 117 116
62,108 112 107 119 115 110 109 120 111 118 106 113 116 117
63,116 107 108 110 118 115 111 106 119 109 117 113 112 120
64,114 116 108 106 115 111 110 112 88 117 109 113 107 121
65,108 115 111 109 114 121 107 116 110 117 113 106 112 88
66,109 108 112 107 114 110 115 121 117 122 116 106 88 111
67,108 109 107 111 110 114 112 115 121 88 117 122 116 106
68,107 112 111 109 115 106 117 110 108 121 116 122 114 120
69,108 107 109 110 115 111 106 112 121 114 122 117 116 120
70,108 115 112 111 110 109 116 114 123 107 120 106 122 117
71,107 115 110 111 108 112 116 114 109 106 117 120 123 122
72,124 125 126 127 128 39 91 129 130 131 132 133 134 135
73,125 124 129 39 132 127 131 91 130 134 126 133 135 128
74,125 130 134 127 129 126 135 131 39 91 128 132 124 133
75,125 124 126 134 39 130 128 127 135 129 131 132 91 133
76,39 129 126 125 132 134 130 128 127 124 135 131 91 133
77,124 125 129 131 132 126 130 39 127 128 133 134 135 91
78,132 124 39 130 127 134 128 135 131 136 126 91 133 137
79,39 124 127 137 132 128 136 134 131 133 130 91 135 126
80,124 126 134 135 130 125 128 131 39 132 127 91 133 137
81,126 124 135 137 127 132 125 39 91 130 131 128 134 133
82,125 137 126 132 131 130 135 134 124 128 91 127 39 133
83,124 125 134 135 131 132 137 39 127 130 128 133 126 91
84,39 134 137 124 135 91 125 126 128 138 130 132 127 133
85,137 39 124 134 138 126 125 130 132 135 128 91 127 133
86,139 140 141 142 76 143 144 145 73 146 147
87,140 139 146 144 141 73 142 143 76 145 147
88,141 76 143 140 144 142 73 146 139 145 147
89,141 143 139 140 142 144 73 76 146 145 147
90,76 73 139 144 146 142 143 140 141 147 145
91,140 142 76 139 143 146 144 145 73 141 147
92,148 82 149 150 151 152 97 96 153 154 155
93,151 148 82 154 155 149 150 152 96 153 97
94,82 148 154 155 150 153 151 149 152 97 96
95,148 82 151 152 155 154 150 96 149 153 97
96,148 154 150 149 82 153 151 152 96 97 155
97,149 82 150 154 153 148 152 151 96 155 97
98,156 41 40 157 158 32 30 159 160 161
99,40 157 41 30 156 158 32 161 159 160
100,157 30 40 158 41 32 159 161 160 156
101,41 40 30 159 158 156 157 161 32 162
102,41 40 30 157 159 158 156 32 161 162
103,41 30 157 40 158 159 156 32 162 161
104,163 164 38 165 35 166 167 168 169
105,163 38 35 164 167 165 169 168 166
106,163 38 164 35 167 165 166 168 169
107,163 164 35 165 170 38 167 171 168
108,165 163 38 35 164 170 167 171 168
109,163 165 164 35 38 168 170 171 167
110,172 173 174 175 176 177 178 179 180
111,173 172 174 176 175 178 180 179 177
112,176 173 175 172 181 174 178 179 177
113,173 172 175 176 174 178 181 177 179
114,172 175 174 173 179 176 180 178 177
115,172 174 175 178 176 173 180 179 177
116,172 178 176 173 174 175 177 181 179
117,173 172 175 176 181 174 178 177 179
118,173 172 175 176 178 180 174 177 179
119,172 173 175 176 178 174 180 177 179
120,172 173 181 176 174 175 178 177 179
121,172 176 173 174 178 181 175 177 179
122,182 183 184 185 186 187 188 189 190
123,182 183 188 187 186 185 189 184 190
124,183 188 185 186 191 189 187 184 192
125,185 188 183 191 189 186 192 184 187
126,182 185 186 188 183 184 187 190 189
127,182 185 188 183 184 186 189 187 190
128,182 186 183 188 185 192 193 187 189
129,183 182 185 186 189 188 193 187 192
130,189 182 190 193 183 185 188 186 187
131,182 188 183 189 193 185 186 190 187
132,183 182 188 185 193 186 189 187 192
133,182 186 183 185 193 188 187 192 189
134,13 194 11 195 5 196 197 198 199 200 201 202 8 203 204 205
135,195 194 8 198 13 11 204 196 197 5 199 200 203 201 202 205
136,195 194 11 201 5 13 196 204 198 197 200 199 8 202 203 205
137,195 194 13 201 5 11 196 197 199 198 200 205 203 202 8 204
138,194 5 13 201 200 11 198 204 195 197 206 8 199 203
139,195 194 11 197 201 5 204 200 198 206 8 13 199 203
140,204 195 194 3 206 5 201 198 207 8 199 200 197 203 202
141,207 5 3 201 195 194 198 206 197 200 8 204 199 202 203
142,195 194 3 5 201 207 204 200 198 196 8 197 199 203 202
143,194 195 207 3 204 201 5 198 196 197 200 199 8 202 203
144,208 0 209 12 210 211 212 213 16 214 14 215 6 216 217 218
145,208 209 0 210 211 12 212 214 16 14 215 213 218 216 6 217
146,209 208 0 211 12 14 219 212 214 210 213 216 218 6 215
147,208 209 0 212 211 213 12 214 14 219 210 218 6 215 216
148,209 208 0 12 211 212 14 16 213 6 214 215 210 216
149,211 0 209 220 208 215 213 14 6 212 210 12 214 216
150,208 211 0 209 220 14 12 213 215 214 212 6 210 217 216 218
151,208 12 0 211 220 210 213 14 215 6 214 212 216 209 217 218
152,209 211 0 208 213 14 210 214 219 212 6 215 217 12 216 218
153,209 208 211 0 12 14 213 210 212 6 217 214 219 216
154,108 221 222 113 223 115 114 116 112 224 225
155,108 221 115 114 112 222 113 225 224 223 116
156,222 108 221 112 114 115 113 224 225 116 223
157,221 108 114 112 222 115 225 116 223 113 224
158,108 222 221 112 114 116 223 113 225 115 224
159,112 223 108 116 221 115 113 222 224 225 114
160,222 112 108 114 221 115 113 116 225 223 224
161,221 108 115 222 112 223 113 225 114 116 224
162,112 108 221 222 115 225 223 224 113 114 116
163,112 221 115 108 225 113 222 223 114 224 116
164,226 135 227 134 228 229 230 126 231 232 233
165,135 227 226 228 229 233 230 126 231 134 232
166,234 226 228 227 134 135 230 126 231 233 232
167,234 228 226 134 227 126 230 231 135 232 233
168,228 134 234 135 227 232 126 226 230 231 233
169,226 234 230 134 135 228 227 126 231 232 233
170,135 226 234 235 228 126 232 134 230 233 231
171,234 226 134 135 126 231 228 235 230 232 233
172,234 228 226 235 230 135 232 231 126 134 233
173,234 134 135 226 235 126 228 230 232 233 231
174,236 237 238 239 240 241 130 74 242
175,237 130 236 240 238 239 242 241 74
176,238 240 239 236 130 242 241 237 74
177,236 237 239 240 241 130 238 74 242
178,240 239 237 238 242 74 236 130 241
179,237 238 74 239 130 236 240 241 242
180,243 244 245 89 246 247 248 154 155
181,247 248 244 154 243 246 245 89 155
182,248 244 247 246 154 243 245 89 155
183,244 154 247 246 245 243 248 89 155
184,247 246 244 248 154 245 89 243 155
185,243 245 244 246 248 154 247 89 155
186,249 250 251 252 253 254 255 256 257 258 259
187,255 250 258 249 252 253 254 256 251 257 259
188,251 258 252 249 260 256 253 255 250 257 259
189,252 251 249 250 256 255 253 258 260 257 259
190,252 255 257 254 250 249 258 251 256 259 253
191,255 253 258 252 250 251 254 256 257 259 249
192,256 251 253 249 255 252 254 257 250 258 259
193,253 255 251 249 252 256 250 254 258 257 259
194,252 251 255 257 256 258 253 249 250 260 259
195,256 251 255 253 249 252 250 260 257 259 258
196,261 262 263 176 264 265 266 174 267 117 268
197,263 176 262 265 264 261 267 117 174 268 266
198,269 262 176 261 267 264 266 263 265 174 268
199,269 262 176 263 264 267 261 265 266 268 174
200,270 172 269 265 263 266 262 271 174 176 268
201,269 262 172 270 263 266 265 176 271 174 268
202,269 176 272 266 262 271 270 172 263 268 273
203,263 270 176 266 269 262 271 172 272 268 273
204,269 262 270 263 172 176 266 265 268 271 274
205,262 269 172 266 270 265 263 271 176 268 274
206,27 275 276 158 277 36 278 30 31 54 52 29 40
207,275 40 31 27 36 29 54 30 276 277 158 52 278
208,275 277 27 40 29 276 36 158 54 31 278 30 52
209,275 27 276 36 31 40 30 277 29 278 52 54 158
210,275 276 277 31 40 158 30 27 36 278 29 54 70
211,275 277 27 29 36 40 70 276 54 30 31 158 278
212,27 158 276 277 36 30 275 40 279 278 31 29 54
213,276 275 27 277 36 54 31 40 158 30 278 279 29
214,275 276 27 277 278 36 279 30 29 31 40 54
215,275 276 27 277 40 54 36 31 278 29 70
216,275 27 276 54 70 277 31 40 29 36 278
217,27 275 277 276 40 36 278 31 54 29 70
218,275 27 54 276 277 31 36 29 40 278 70
219,275 276 36 277 278 29 40 27 31 70 54
220,39 25 280 24 65 281 38 55 34 26 282 168 43
221,39 24 280 65 25 38 281 282 34 55 168 43 26
222,24 39 25 280 55 281 43 282 65 168 38 34
223,280 25 65 28 24 55 38 282 34 39 281 43 168
224,280 24 25 55 281 65 43 34 28 38 39 282 168
225,280 24 25 282 28 281 55 65 38 43 39 34 168
226,24 280 282 25 28 39 281 65 38 55 43 168 34
227,24 280 28 65 39 25 281 282 38 55 34 43 168
228,24 280 28 38 25 281 39 55 65 282 43 34
229,24 25 280 282 43 39 28 55 281 34 65
230,25 24 39 28 281 280 282 55 65 34 43
231,24 280 28 39 25 281 65 43 55 282 34
232,280 24 39 55 28 25 281 65 282 34 43
233,280 24 39 25 281 65 282 28 43 55 34
234,283 284 238 115 116 146 285 286 112 109
235,283 112 238 115 109 286 284 146 116 285
236,109 115 238 286 146 112 116 285 284 283
237,109 284 115 286 146 238 285 112 283 116
238,238 285 112 109 115 284 286 283 116 146
239,112 109 286 283 285 238 115 116 284 146
240,109 238 286 116 283 285 115 284 112 146
241,238 109 283 285 112 286 115 116 284 146
242,109 116 285 286 112 146 238 284 283 115
243,112 238 283 285 286 146 115 116 109 284
244,238 112 115 109 284 116 146 283 285 286
245,287 130 132 134 135 288 245 149 78 289
246,132 134 287 135 149 130 245 288 78 289
247,132 134 78 130 149 245 287 288 289 135
248,245 132 134 130 287 78 149 289 135 288
249,134 132 245 130 135 288 78 287 149 289
250,132 287 130 245 134 135 288 78 149 289
251,135 287 132 130 289 288 78 245 134 149
252,132 134 149 135 287 245 130 288 78 289
253,134 130 149 135 290 78 132 287 288 245
254,132 290 134 287 130 245 288 135 149 78
255,290 245 132 149 134 287 130 135 288 78
256,291 292 293 294 295 296 297 298 299 300 301
257,291 292 297 295 293 296 294 298 301 300 299
258,291 292 293 296 294 295 297 298 299 301 300
259,291 292 293 294 295 296 297 298 301 299 300
260,292 294 291 296 293 297 295 298 301 300 299
261,291 294 292 296 295 297 293 298 299 300 301
262,292 291 294 296 293 297 295 298 299 301 300
263,302 303 304 305 306 180 307 308 309 310 311
264,302 303 306 305 304 311 312 308 307 180 309
265,302 306 308 312 304 303 305 180 307 309 313
266,302 312 303 306 308 305 304 180 307 309 313
267,302 306 305 303 304 312 307 308 180 311 309
268,302 306 303 305 304 180 307 312 308 311 309
269,306 304 302 305 303 312 308 307 180 313 309
270,314 315 316 317 318 430 320 321 322 323 324 325
271,314 326 315 316 318 321 430 320 322 324 317
272,318 314 320 323 315 326 316 321 430 327 322 324 328
273,314 318 430 326 315 323 316 321 327 324 320 322 328
274,314 329 316 315 430 323 317 320 322 318 321 327 324
275,314 318 316 430 329 315 320 317 323 322 321 327 324
276,314 329 330 316 318 320 331 321 325 322 332 430 324
277,316 331 314 329 318 430 330 320 321 322 332 325 324
278,316 329 314 318 330 331 321 332 430 324 333 320 325
279,314 318 316 329 320 331 332 324 430 330 321 333 325
280,334 430 330 331 320 316 317 322 324 326 321 327
281,335 336 337 338 339 340 341 342 343 344 345 346 347 348
282,335 337 336 339 338 342 340 343 345 344 347 346 348 341
283,337 335 336 342 338 341 347 345 344 340 349 343 350 346
284,336 335 338 342 337 349 341 340 343 350 345 346 344 347
285,335 351 337 336 345 339 338 340 343 346 341 344 348 347
286,335 351 337 336 339 346 341 345 343 340 344 348 347 338
287,351 335 337 352 353 349 343 346 354 350 347 355 336
288,335 337 336 343 352 353 350 349 346 354 355 351 347
289,337 335 353 351 343 336 352 354 339 346 356 355 348
290,335 353 337 336 352 351 339 343 348 354 346 355 356
291,336 335 337 353 343 354 346 352 349 356 350 355
292,357 358 359 360 361 362 363 364 365 366
293,358 359 357 362 360 365 364 366 363
294,357 358 359 361 360 362 364 363 365
295,359 357 360 358 362 361 364 363 365
296,361 357 358 360 359 362 364 363 365 366
297,359 357 358 360 362 361 363 365 364 366
298,359 358 357 361 363 360 362 367 365
299,357 359 358 360 362 361 363 365 367
300,358 357 360 362 363 368 359 364 367
301,357 362 358 360 359 363 364 367 368
302,369 370 371 372 373 374 375 367 365
303,371 372 369 370 374 367 373 375 365
304,369 370 372 371 373 375 367 374 365
305,371 373 372 369 370 375 365 374 367
306,373 369 374 371 375 372 370 365 367
307,369 371 373 375 374 372 370 365 367
308,376 377 378 379 380 107 381 382 13 383 384
309,13 378 107 377 381 380 379 382 383 384 376
310,377 383 382 381 380 376 107 378 379 13 384
311,376 380 384 383 379 377 13 107 381 378 382
312,380 376 383 384 379 377 385 107 381 382 3
313,381 377 384 107 376 379 3 382 380 385 383
314,381 383 380 379 107 377 385 376 384 382 3
315,380 381 383 384 376 377 379 107 3 385 382
316,380 376 381 379 377 382 383 384 378 11 107
317,380 381 377 376 378 107 379 384 382 383 11
318,386 387 0 388 239 389 390 391 315 392 393
319,0 393 315 388 390 386 389 239 391 387 392
320,390 386 0 393 388 394 239 315 387 389 392
321,390 0 389 239 392 387 386 388 315 394 393
322,0 390 389 393 395 396 239 386 387 391 315
323,393 390 0 395 389 315 396 386 391 239 387
324,389 386 390 391 395 0 393 315 387 396 239
325,239 389 390 0 386 387 395 391 396 315 393
326,389 0 393 386 390 391 239 388 387 315 392
327,390 392 239 393 389 387 315 391 0 388
328,260 397 259 302 398 399 400 188 401 191 402 403 177 313
329,260 259 302 398 400 399 188 397 191 401 403 402 177 313
330,302 398 400 260 191 295 399 403 188 259 402 177 313 401
331,302 399 400 260 259 403 177 398 188 295 191 401 402 313
332,397 260 188 399 259 400 398 302 404 403 401 177 191 313
333,260 259 398 399 302 403 404 397 188 177 191 400 401 313
334,260 399 302 188 398 400 405 259 403 191 177 401 313
335,260 302 405 399 400 398 259 191 403 313 401 177 188
336,260 398 397 188 399 302 259 400 191 177 403 401 313
337,260 302 188 397 398 259 399 403 191 400 177 401 313
338,176 293 406 407 408 409 410 308 411 412 413 414 311 415
339,293 407 176 412 408 410 409 411 406 413 308 414 311 415
340,176 293 412 408 407 308 268 409 406 410 311 413 414 416
341,176 293 407 408 412 406 268 308 410 414 311 413 409 416
342,176 408 293 407 412 410 409 308 406 411 413 414 311 415
343,176 407 293 412 406 408 409 411 410 413 308 414 311 415
344,176 293 412 268 308 410 409 408 407 414 413 416 311
345,176 268 407 293 412 308 410 408 413 414 416 409 311
346,176 408 293 411 412 409 414 410 308 407 413 311 415
347,176 412 293 411 408 409 308 414 410 407 413 311 415
348,334 417 134 418 419 420 421 422 423 322
349,134 417 422 423 419 418 421 334 322 420
350,314 418 421 422 134 419 417 322 420 423
351,314 417 421 422 418 420 419 134 322 423
352,424 314 417 421 418 419 422 420 322 423
353,335 425 426 225 427 428 429 430 431 343
354,335 425 427 429 225 426 343 428 430 431
355,335 225 425 429 428 427 343 431 430
356,335 428 225 425 427 426 429 430 343 431
357,335 225 429 425 428 343 426 427 432 431
358,433 81 140 434 435 436 437 438 439 91 95 440
359,433 435 91 436 439 437 95 438 434 140 440 81
360,140 436 91 435 433 434 81 437 439 438 95 440
361,433 140 436 439 434 441 91 435 81 438 95 437
362,83 442 443 444 445 94 446 86 447 448 449 450
363,94 445 83 444 446 443 442 86 450 448 449 447
364,83 445 446 94 443 442 86 444 448 450 447 449
365,449 94 443 446 444 445 83 86 442 448 450 447
366,380 451 452 378 453 221 384 377 454 376 314 134 417 339 455
367,378 452 451 453 454 377 380 314 221 134 376 417 455 339 384
368,454 378 376 377 417 380 452 451 453 314 455 221 339 134 384
369,452 453 451 454 377 417 221 384 378 314 376 380 134 455 339
370,454 456 314 377 380 452 378 384 134 455 417 376 451 221 457
371,454 221 380 378 456 376 452 384 377 314 451 134 457 417 455
372,377 380 452 451 314 378 221 454 134 456 384 376 455 457 417
373,376 452 378 380 454 221 377 314 451 456 384 134 417 457 455
374,452 454 451 378 380 377 314 221 134 417 453 376 455 384 339
375,451 452 454 377 221 378 380 134 314 453 376 455 417 384 339
376,452 378 380 458 454 314 451 221 384 376 417 377 457 134 455
377,454 458 378 452 451 377 376 380 384 221 134 314 417 457 455
378,458 451 377 376 452 314 459 380 454 457 378 221 384 417 455
379,454 376 451 221 380 377 458 417 452 459 457 384 455 378 314
380,454 452 380 377 221 376 458 378 417 384 459 314 457 455
381,418 460 390 386 225 461 462 107 335 463 464 424 465 428 466
382,462 390 335 386 418 107 463 461 464 428 460 424 225 466 465
383,424 461 460 107 462 463 386 464 335 390 418 467 428 225 466
384,460 461 463 390 335 462 467 418 428 424 466 225 107 464 386
385,464 424 463 462 107 468 461 390 460 418 428 335 386 225 466
386,463 424 461 418 335 460 428 462 468 386 390 107 464 466 225
387,461 460 469 386 107 418 462 225 463 390 467 466 335 428 424
388,386 460 463 461 107 469 390 335 225 418 424 467 462 428 466
389,461 386 463 107 460 428 390 469 335 424 462 225 418 467 466
390,463 462 461 390 460 469 386 225 335 428 107 418 424 466 467
391,390 107 386 462 335 470 461 463 381 225 424 428 468 466 315
392,461 462 381 107 428 386 315 335 390 468 470 463 424 225 466
393,107 462 390 461 381 335 471 463 315 469 386 428 468 225 466
394,107 462 463 471 469 381 386 335 468 390 428 315 461 225 466
395,390 462 381 335 393 471 225 107 461 469 315 463 112 428 466
396,472 473 474 475 476 239 109 477 478 479 129 480 146 285
397,472 475 473 129 476 478 479 474 109 480 477 239 146 285
398,472 109 474 476 473 475 477 129 480 146 479 478 239 285
399,474 472 477 473 475 239 109 479 129 476 478 480 146 285
400,472 479 475 474 476 478 239 129 477 473 109 480 146
401,477 473 476 475 478 109 480 479 472 239 129 474 146
402,472 475 473 479 481 478 239 477 118 474 109 285 480 146
403,479 477 475 478 473 472 474 109 481 118 146 480 239 285
404,475 476 479 472 477 474 109 478 473 239 480 118 146 285
405,479 478 477 109 476 474 239 475 480 146 118 285 473 87 472
406,482 483 484 485 149 486 284 487 488 137 91 489 490 130
407,482 483 484 487 486 490 485 489 130 137 488 284 91 149
408,482 484 489 130 486 490 483 488 487 284 137 485 91 149
409,482 130 483 486 487 485 490 489 137 91 484 149 284 488
410,482 483 490 486 284 487 130 488 489 484 137 485 91 149
411,482 486 490 483 284 91 484 489 487 485 130 488 137 149
412,489 486 482 130 91 483 490 485 121 484 487 149 488 284
413,482 121 490 486 484 489 483 130 487 488 284 485 91 149
414,486 482 489 491 484 121 490 483 485 91 130 284 488 149
415,486 490 489 484 482 130 491 121 492 485 483 488 91 284 149
416,493 0 195 494 211 5 495 200 496 204
417,493 195 0 496 494 495 204 200 5 211
418,493 0 195 495 5 494 496 204 200 211
419,493 494 0 195 204 495 496 200 5 211
420,494 195 493 0 5 211 496 495 204 200
421,493 494 195 204 0 495 211 5 200 496
422,493 494 0 211 195 204 496 5 200 495
423,493 0 195 200 495 5 496 211 494
424,493 494 496 195 0 204 200 211 495 5
425,493 496 195 494 5 0 495 204 211 200
426,0 494 493 496 5 495 204 195 200 211
427,195 497 494 204 0 496 5 200 495 211
428,11 498 208 198 499 201 500 2 203 210
429,499 498 11 201 208 500 2 198 203 210
430,11 2 201 498 500 208 499 198 210 214
431,498 11 500 2 201 208 210 198 499 214
432,11 498 2 201 499 501 214 500 198 210
433,499 498 11 210 500 214 198 501 201 2
434,498 201 502 11 499 208 198 2 210 214
435,498 11 201 208 502 2 198 210 499 214
436,498 499 198 2 208 201 502 11 210 214
437,498 502 11 198 208 210 499 2 201 214
438,498 208 2 11 499 502 210 201 198 214
439,208 198 502 499 11 201 2 503 214 210
440,504 505 506 507 508 509 510 511 383 512 513 379 514 515 433 516 517
441,505 511 510 509 506 504 433 508 383 514 379 513 516 507 515 517 512
442,504 506 511 508 383 509 505 512 510 513 507 433 517 379 515 514 516
443,504 512 506 514 508 383 433 510 505 511 517 507 509 379 513 515 516
444,504 507 508 510 511 518 383 519 379 520 433 513 509 515 514 516 517
445,504 520 519 510 379 509 507 508 513 433 514 511 515 383 518 516 517
446,519 504 520 518 510 507 517 433 521 508 511 516 383 513 379 509 515
447,519 510 433 507 504 379 520 513 511 508 509 515 518 517 383 516 521
448,507 519 508 504 520 511 516 515 509 383 379 433 518 513 514 510 517
449,522 523 524 525 526 527 528 75 529 530 387 531 532 533 534 535 536
450,522 524 525 526 523 528 530 529 531 527 387 535 534 533 75 532 536
451,524 522 525 526 523 529 528 531 535 387 527 75 530 532 536 534 537
452,522 526 528 524 525 529 532 523 527 387 75 534 531 537 535 530 536
453,526 527 538 524 531 535 529 539 534 525 387 532 528 533 523 102 540
454,524 529 526 525 387 527 538 523 535 532 534 533 540 528 531 539 102
455,526 524 528 538 527 532 525 529 534 539 523 533 387 535 531 102 540
456,526 524 532 523 528 531 527 387 539 102 535 538 525 529 533 540 534
457,526 524 531 527 528 541 534 529 535 525 539 387 532 542 538 102
458,243 148 543 247 263 544 251 545 353
459,243 544 251 543 148 263 247 545 353
460,247 243 543 544 148 251 353 263 545
461,148 544 243 543 251 545 247 263 353
462,546 148 247 243 238 545 263 251 353
463,251 148 545 546 243 247 238 263 353
464,546 243 247 148 238 251 263 545 353
465,547 548 549 550 551 552 553 554 330
466,549 552 548 547 551 550 330 553 554
467,552 551 549 547 550 548 554 330 553
468,245 547 549 548 552 550 330 553 554
469,245 550 330 547 549 548 552 553 554
470,245 553 549 554 552 548 547 550 330
471,555 245 547 549 550 553 330 554 552
472,330 555 547 245 549 552 553 550 554
473,556 557 558 559 560 561 562 236 226 563 564 252 565 27
474,556 559 558 236 563 560 557 27 226 565 562 561 252 564
475,556 559 565 561 236 562 563 226 557 558 560 564 252 27
476,558 556 563 557 27 236 565 559 226 562 561 560 564 252
477,556 566 567 558 559 226 562 563 236 564 27 565 561 252
478,567 559 556 558 563 561 226 566 562 27 564 252 236 565
479,561 559 563 566 567 564 27 226 236 562 565 556 252 558
480,567 559 563 556 226 566 236 562 27 561 558 564 565 252
481,562 558 559 566 567 226 236 556 561 252 564 27 565 563
482,556 563 567 27 558 565 226 566 561 564 562 559 252 236
483,568 569 570 108 571 572 573 115 574 39 575 576 577 248
484,570 568 572 573 571 577 108 575 115 39 569 574 248 576
485,571 570 574 577 573 569 108 568 575 576 248 115 572 39
486,575 571 570 573 568 574 572 577 115 108 39 569 248 576
487,573 576 568 570 577 572 571 578 575 574 569 248 115 108
488,570 572 571 577 569 108 579 568 115 575 574 576 248
489,568 571 575 572 577 579 574 570 569 108 115 248 576
490,572 575 571 570 577 108 115 579 248 576 569 574 568
491,579 577 572 108 575 568 571 570 115 248 574 569 576
492,570 579 568 572 569 571 575 577 248 115 108 574 576
493,580 106 581 582 583 584 585 586 246 587 135 588 589 590
494,581 583 585 580 246 582 584 587 106 586 135 589 588 590
495,586 584 587 583 580 585 106 588 582 581 589 246 135 590
496,587 586 580 584 581 583 585 106 590 589 582 135 588 246
497,585 584 583 580 589 106 581 135 582 587 586 590 591 588
498,583 584 587 586 582 588 581 592 593 106 591 594 590 135
499,583 587 584 581 593 586 592 582 246 590 106 594 135 588
500,584 581 583 592 582 594 586 590 135 587 588 593 106 246
501,584 583 246 581 582 592 106 590 594 586 593 595 135 587
502,583 584 581 582 135 590 587 106 246 593 586 594 592 595
503,596 445 439 95 597 598 151 391 438 154 599 437 600
504,596 598 391 151 439 438 599 154 437 445 597 95 600
505,596 439 391 151 154 445 597 438 599 598 437 600 95
506,391 596 439 151 445 154 438 437 95 598 597 599 600
507,443 444 601 100 83 602 86 603 604 605 606 607 608
508,83 444 602 100 603 443 604 86 605 601 606 608 607
509,443 444 83 605 604 602 601 86 100 603 606 607 608
510,83 607 601 444 605 604 443 602 606 603 100 86 608
511,609 610 611 513 612 613 277 453 146 561 386 383 586 614 615 331
512,609 383 611 612 453 561 586 614 610 277 613 513 615 146 386 331
513,383 386 609 561 613 611 277 453 513 614 612 586 331 610 615 146
514,609 613 610 586 383 453 611 386 561 612 331 277 615 513 614 146
515,609 613 383 586 453 561 513 610 611 612 614 386 277 615 146 331
516,613 609 610 383 386 614 561 611 586 453 277 513 146 615 612 331
517,609 613 610 614 611 383 615 513 561 386 453 586 331 277 146 612
518,609 611 614 613 453 615 586 386 513 610 383 612 146 561 331 277
519,383 537 615 386 609 613 586 612 614 453 513 277 611 146 331 561
520,389 379 616 617 462 132 239 532 388 281 618 465 582 149 619 323
521,388 618 462 379 617 239 389 582 132 616 532 465 149 619 281 323
522,582 379 462 388 389 618 616 239 132 617 619 281 465 532 149 323
523,388 379 239 132 619 389 616 617 465 462 618 532 582 149 281 323
524,389 582 388 462 465 617 596 616 618 239 132 619 379 281 149 323
525,462 617 582 388 379 465 616 389 619 281 239 132 149 323 618 596
526,389 462 388 239 596 618 620 379 582 617 132 465 149 281 621 323
527,388 389 462 596 582 617 618 239 379 465 132 620 149 281 621 323
528,239 617 582 618 462 389 596 132 149 620 379 465 281 621 323
529,622 500 262 623 624 211 494 625 372 212 626 627
530,262 494 624 625 500 622 623 212 211 626 627 372
531,262 494 625 622 624 623 628 211 626 212 627 629
532,262 494 623 622 628 211 626 212 625 624 627 629
533,262 494 500 626 622 624 623 211 625 372 627 212
534,622 500 494 626 211 625 262 623 624 372 627 212
535,212 211 262 494 624 628 623 626 622 627 625 372
536,624 622 211 623 494 628 626 212 262 625 372 627
537,624 494 622 211 500 623 212 372 625 262 626 627
538,624 211 500 622 494 212 262 625 627 623 626 372
539,627 625 372 494 211 624 623 212 628 622 626
540,211 622 624 623 212 625 628 494 626 627 372
541,630 198 631 632 360 633 634 635 369 636 637
542,630 632 636 198 631 637 633 360 634 369 635
543,634 631 198 637 630 632 633 636 635 360 369 638
544,630 198 631 634 360 635 632 633 637 636 369 638
545,630 198 634 633 637 636 631 635 632 369 360
546,198 634 633 636 635 637 631 630 632 360 369 638
547,631 634 630 636 632 637 633 198 635 373 369 638
548,630 198 635 631 636 632 633 638 369 637 634 373
549,632 631 630 634 636 198 369 635 639 638 637 373
550,632 630 636 631 198 634 635 639 637 638 369 373
551,630 631 632 198 633 369 636 635 634 637 373
552,630 632 636 631 198 633 369 634 635 637 373
553,443 382 438 640 435 598 97 641 642 606
554,382 435 443 640 598 97 438 641 606 642
555,443 640 382 435 598 438 97 641 606 642
556,443 438 492 640 382 598 97 435 641 642 606
557,643 394 597 607 600 448 644 645 608 646
558,643 394 597 644 600 607 646 645 448
559,643 394 644 597 600 448 645 646 607
560,643 394 644 600 597 645 647 608 448 607
561,648 476 222 221 106 114 477 112 111 116 480 264 649 650 489 625
562,648 222 221 650 477 116 476 111 649 112 480 114 489 106 264 625
563,648 221 476 222 480 114 650 106 112 649 489 477 116 264 111 632
564,221 476 648 106 116 477 222 114 111 632 649 480 264 650 112 489
565,648 221 489 476 112 650 480 477 222 649 111 106 264 114 116 632
566,648 221 112 489 480 111 650 476 477 222 649 106 264 114 632 116
567,648 221 222 489 481 477 114 264 116 649 650 106 651 480 112 625
568,648 477 112 106 480 650 489 221 116 649 651 481 114 222 264 625
569,477 489 222 480 649 648 114 221 106 650 264 112 116 481 651 632
570,221 648 481 114 112 222 106 489 116 651 650 480 477 649 264 632
571,477 221 648 480 476 114 649 650 111 112 222 116 106 489 625 264
572,477 222 221 489 106 650 264 112 476 649 648 114 480 111 116 625
573,648 221 476 477 649 222 650 111 116 106 480 489 632 264 114 112
574,648 477 106 480 221 649 476 489 222 112 116 264 632 114 650 111
575,114 106 477 116 194 264 112 650 574 222 649 111 476 489 480 625
576,116 222 650 112 477 194 106 480 481 111 574 625 264 649 114 489
577,477 574 106 652 650 112 111 489 649 114 222 481 264 480 116 632
578,653 124 39 654 482 132 234 488 655 656 630 134 490 227 576 226
579,39 124 653 656 488 482 226 655 227 132 134 630 234 654 576 490
580,488 482 226 132 134 654 39 227 653 490 630 124 656 655 576 234
581,653 656 124 132 234 134 226 227 482 655 576 39 630 654 488 490
582,124 653 132 234 482 39 656 227 630 488 134 654 226 655 576 490
583,653 234 124 134 226 39 656 654 490 630 482 132 655 227 576 488
584,39 124 630 132 234 488 653 657 580 226 656 658 588 654 134 235
585,226 124 653 656 657 630 234 488 132 39 654 235 580 588 658 134
586,653 132 488 580 124 134 657 654 226 658 39 630 588 656 227 234
587,227 653 124 226 488 39 234 132 654 630 658 580 588 656 134 657
588,653 132 234 226 124 482 39 227 630 656 658 488 134 654 657 588
589,653 39 124 482 227 226 234 134 132 588 656 657 488 658 654 630
590,234 659 124 226 132 654 482 658 655 227 656 39 630 134 488 588
591,234 659 482 132 124 39 656 227 658 226 654 655 134 588 488 630
592,234 226 124 656 488 659 482 654 39 658 588 134 630 657 227 132
593,234 482 124 658 39 132 659 656 654 657 630 488 235 226 588 134
594,39 134 132 124 238 226 234 659 656 630 588 657 658 235 654 488
595,108 660 475 473 460 115 129 478 239 661 263 472 662 109 277 285
596,478 661 472 109 660 473 475 108 239 662 115 460 129 277 263 285
597,108 473 660 478 475 109 277 472 239 661 662 460 129 115 285 263
598,660 473 475 109 472 661 108 478 460 129 239 263 662 115 285 277
599,663 661 475 473 109 660 460 108 478 664 239 118 115 277 263 285
600,109 663 108 118 475 661 660 263 239 460 115 478 473 664 285 277
601,108 475 115 661 109 663 460 473 478 660 263 239 277 662 118 285
602,663 108 109 460 475 478 661 239 660 115 473 263 662 277 118 285
603,661 660 473 663 475 239 478 108 109 115 460 129 277 263 662 285
604,473 109 661 475 460 115 660 478 663 108 129 662 277 263 239 285
605,473 475 478 660 460 109 239 108 474 472 129 115 664 263 277 285
606,109 239 472 473 660 475 115 129 478 460 108 474 277 285 263 664
607,108 129 661 115 277 662 472 478 475 109 460 285 473 239 263 660
608,661 475 473 239 472 109 115 478 277 129 263 108 460 660 662 285
609,475 473 478 115 483 239 277 474 109 285 460 660 108 662 129 263
610,473 109 483 660 115 475 474 129 460 478 239 108 277 662 285 263
611,475 665 473 239 109 108 277 474 478 460 662 115 660 666 263 285
612,559 667 130 113 121 110 486 668 135 487 572 228 33 91 284 634
613,667 572 487 486 113 130 634 559 135 121 91 284 668 228 33 110
614,487 667 113 486 559 572 228 91 121 110 130 668 284 33 135 634
615,572 667 130 559 486 487 135 121 228 113 110 91 668 284 634 33
616,572 667 486 487 130 559 121 91 110 113 668 228 135 284 669 33
617,559 130 487 667 121 572 228 110 486 113 669 135 284 91 33 668
618,486 121 130 487 667 559 572 228 135 669 110 33 668 284 113 91
619,667 559 486 135 228 121 110 572 113 669 487 130 668 284 91 33
620,572 486 559 487 228 121 130 667 78 135 669 668 33 284 113 110
621,486 559 121 487 113 78 667 668 228 572 130 33 135 669 110 284
622,113 487 486 667 559 130 228 670 135 669 33 121 668 484 78 284
623,667 559 486 668 487 484 670 113 228 78 33 135 130 284 121 669
624,484 559 671 487 135 670 486 228 668 33 130 113 121 91 634 284
625,671 484 487 486 559 228 130 670 121 284 91 135 668 113 634 33
626,670 559 671 487 113 284 484 228 121 668 672 130 135 634 33 78
627,559 671 672 487 130 121 484 135 113 284 670 228 668 33 78 634
628,663 484 671 672 228 670 121 130 487 135 113 91 668 284 669 33
629,660 661 472 476 106 109 222 648 112 475 124 108 478 473 477 221
630,124 648 106 661 109 222 475 472 660 473 221 476 108 477 478 112
631,221 648 475 108 222 473 661 124 660 477 106 472 478 112 109 476
632,221 472 106 473 222 108 475 648 660 124 476 661 478 109 112 477
633,660 473 472 124 648 109 112 476 661 106 222 108 221 673 477 475
634,648 660 222 661 108 475 473 476 109 221 124 472 112 106 477 673
635,221 108 477 648 222 478 661 660 476 124 112 106 475 663 473 109
636,648 661 476 473 660 478 221 124 222 663 112 477 106 475 109 108
637,661 648 476 221 108 478 106 477 109 667 222 473 663 660 112 124
638,661 477 221 667 473 648 124 660 472 478 108 222 109 106 112 476
639,473 108 667 661 221 222 109 112 106 124 477 476 648 472 660 478
640,476 478 124 661 660 221 473 108 477 222 106 648 667 109 472 112
641,667 221 648 108 483 124 106 661 476 112 473 478 222 660 477 109
642,661 476 667 483 221 109 112 108 473 648 477 660 124 222 106 478
643,661 476 221 108 483 660 477 109 473 112 124 667 478 659 106 222
644,108 112 222 667 659 221 483 473 660 109 124 478 661 106 476 477
645,473 660 476 659 221 483 109 661 112 667 124 222 491 674 108 106
646,482 675 226 559 653 111 234 572 132 670 130 228 486 39 658 487
647,559 228 482 675 653 487 486 572 234 111 130 39 226 658 670 132
648,572 675 486 559 482 130 670 111 653 132 228 658 234 39 487 226
649,653 234 670 226 559 675 572 39 486 482 487 111 228 130 658 132
650,559 234 486 653 482 675 228 39 670 111 226 572 487 132 130 490
651,234 486 482 487 559 111 653 226 132 39 675 130 490 572 670 228
652,574 234 132 675 487 228 670 484 559 482 111 486 490 653 39 130
653,484 653 670 482 559 234 490 675 486 574 228 487 39 111 132 130
654,675 39 651 559 130 653 670 487 484 490 482 574 486 228 132 234
655,482 675 653 487 651 228 676 559 574 670 484 234 130 132 39 490
656,675 676 651 490 559 653 574 482 670 228 234 39 484 130 132 487
657,653 228 675 559 651 670 484 487 676 39 130 229 490 574 482 132
658,653 559 130 675 228 490 676 487 670 572 39 132 574 482 234 651
659,487 559 132 228 226 651 482 234 675 572 653 676 490 39 670 130
660,484 226 487 481 675 676 653 559 130 39 228 234 132 670 490 651
661,481 653 484 228 559 132 130 676 675 651 39 490 234 226 487 125
662,234 658 559 487 676 653 132 675 484 651 228 39 226 481 130 670
663,505 677 567 221 454 451 506 383 615 378 563 27 510 275 376 379 252
664,506 677 567 275 378 383 563 510 379 454 252 221 451 505 27 615 376
665,506 510 454 567 563 221 451 505 470 615 677 379 378 275 252 27 383
666,677 506 505 275 563 451 567 379 221 470 27 510 378 383 615 252 454
667,567 376 505 519 379 677 383 454 275 563 510 615 378 451 252 27 226
668,454 27 563 451 376 252 519 383 677 275 379 226 615 510 505 378 567
669,519 567 275 538 451 243 376 529 528 454 221 252 615 383 27 677 378
670,538 519 451 529 376 677 221 275 567 528 383 243 252 454 27 378 615
671,512 252 563 451 538 519 275 383 243 221 570 376 529 454 132 678 615
672,275 512 570 538 221 451 563 519 252 529 454 383 243 376 132 678 615
673,512 563 570 454 510 383 560 451 275 379 376 538 226 378 678 316 252
674,275 538 454 512 451 510 560 378 563 316 379 570 376 383 678 226 252
675,275 567 512 379 505 506 451 378 221 376 252 383 563 454 510 224
676,505 567 376 451 506 510 221 383 454 378 512 379 275 563 224 252
677,567 454 383 506 275 505 376 451 226 563 510 252 615 677 378 379
678,379 451 567 563 226 677 506 383 510 454 505 378 275 252 376 615
679,505 570 563 378 519 677 451 275 379 454 383 226 679 470 615 510
680,508 574 526 387 386 464 520 680 511 381 280 681 39 463 534 465 270
681,681 520 526 574 511 381 280 387 463 465 680 39 270 464 508 386 534
682,681 511 464 280 520 680 526 508 39 387 381 534 574 463 386 270 465
683,511 681 680 508 526 520 381 280 463 386 464 574 465 270 39 534 387
684,511 520 508 463 381 681 680 526 280 464 386 270 465 50 387 247 574
685,511 520 381 508 681 526 280 50 387 247 464 386 270 680 465 574 463
686,680 682 511 683 381 681 508 280 270 386 463 534 574 465 50 684 387
687,511 508 683 280 680 522 464 463 681 381 574 465 50 270 534 386 387
688,522 508 381 609 465 280 511 680 685 464 270 534 106 109 681 683 574
689,522 683 381 681 511 270 464 680 280 465 508 534 106 574 609 109 685
690,526 522 681 381 280 680 609 39 574 270 508 686 687 534 464 387 465
691,526 280 680 508 609 522 687 381 681 686 574 39 464 534 387 465 270
692,680 511 681 280 508 526 386 688 387 574 381 270 534 520 684 468
693,574 508 511 520 680 684 681 381 280 526 386 387 534 270 688 468
694,684 381 520 511 270 681 386 508 387 680 280 526 465 609 574 534
695,680 511 609 386 387 681 381 270 574 534 465 520 526 684 280 508
696,681 508 475 687 381 574 280 680 685 526 609 689 464 387 270 465
697,507 24 452 690 659 691 377 504 462 208 0 509 25 251
698,690 659 504 24 452 509 691 208 462 377 507 25 251 0
699,690 509 507 691 504 659 208 452 377 24 251 462 25 0
700,509 25 452 690 507 251 462 659 0 691 377 504 208 24
701,692 690 509 452 25 507 691 377 659 462 208 251 24 0
702,507 690 692 659 691 24 452 377 208 509 0 25 251 462
703,0 691 692 659 693 452 507 509 377 24 208 462 251 25
704,509 693 452 377 659 692 691 507 25 0 24 208 251 462
705,377 659 507 509 691 694 693 650 452 208 453 695 251 0
706,509 377 695 452 507 659 693 453 0 694 208 650 251 691
707,695 452 25 507 509 691 0 377 453 693 650 659 208 251
708,507 659 650 377 509 691 695 452 693 0 453 25 251 208
709,690 452 377 659 483 504 691 507 462 0 24 208 25 251
710,690 507 462 452 24 0 483 377 504 25 696 251 659 208
711,507 504 483 659 558 377 693 25 696 251 208 24 462 0
712,693 504 507 483 696 24 659 462 251 208 558 377 0 25
713,504 558 507 659 696 377 251 24 472 462 208 693 0 25
714,472 693 558 659 504 377 507 251 696 208 24 0 25 462
715,461 559 524 195 523 661 390 697 458 276 648 36 11 263
716,648 559 195 524 11 661 36 697 276 390 523 263 461 458
717,697 195 527 648 458 524 531 698 542 390 36 11 276 699
718,524 648 531 458 527 390 697 36 542 698 276 11 195 699
719,700 542 195 531 41 697 524 698 527 36 458 13 390 701
720,527 698 700 531 697 524 41 195 458 542 36 390 701 13
721,531 700 195 702 697 527 703 458 390 41 36 542 701 13
722,702 700 531 703 697 390 527 458 542 195 41 13 36 701
723,702 697 698 700 458 195 527 704 531 523 699 13 276 36
724,527 531 698 702 697 700 276 195 458 699 704 523 36 13
725,531 698 661 697 390 700 458 523 702 195 13 701 705 276
726,702 661 276 700 531 697 698 390 523 705 195 458 701 13
727,661 648 703 524 697 390 559 523 276 458 36 195 13 263
728,524 559 648 697 542 703 195 661 458 263 390 13 276 36
729,648 524 527 706 461 707 542 390 41 195 13 36 699 458
730,706 524 461 648 527 458 542 195 707 36 390 41 699 13
731,706 458 571 542 700 556 676 41 708 263 3 461 36 501
732,571 461 676 556 700 458 706 542 3 263 36 708 41 501
733,504 567 506 690 677 509 659 505 454 507 452 510 563 691 275
734,690 452 677 506 659 505 504 567 454 563 509 275 691 507 510
735,504 690 677 505 563 483 659 452 454 696 507 275 567 510 506
736,677 504 483 505 506 567 507 454 690 659 510 275 696 563 452
737,677 483 506 507 505 709 452 454 690 275 710 567 691 504 563
738,709 483 690 567 563 505 507 275 506 691 504 452 710 454 677
739,690 709 677 275 504 691 507 567 563 505 483 454 461 710 506
740,504 483 567 506 677 690 275 507 454 563 710 505 709 461 691
741,510 677 483 505 563 452 506 454 709 275 504 690 691 507 567
742,505 507 483 709 504 510 506 567 690 452 275 677 454 691 563
743,696 510 507 504 505 677 275 483 506 452 690 567 709 454 563
744,567 275 677 505 690 454 504 709 696 452 563 483 510 507 506
745,690 275 506 454 677 483 563 510 505 507 567 709 452 504 696
746,677 275 709 690 454 505 452 483 506 507 510 696 504 563 567
747,690 677 504 483 506 510 659 452 505 567 507 711 454 696 275
748,504 505 506 567 275 711 483 677 452 659 510 507 690 454 696
749,677 506 454 660 507 504 505 711 275 690 452 567 483 659 510
750,505 507 659 452 710 275 506 504 690 483 454 677 711 567 660
751,524 508 648 558 519 520 680 681 511 559 697 280 523 661 381
752,524 520 558 697 519 681 280 680 648 559 661 508 511 381 523
753,520 519 280 648 508 680 524 661 697 559 558 511 460 523 681
754,661 680 520 519 681 460 697 524 648 511 523 508 559 280 558
755,520 508 519 512 524 661 558 680 460 542 559 511 697 648 280
756,520 511 519 680 542 559 661 648 524 697 558 280 508 460 512
757,520 570 648 697 524 680 661 559 512 519 508 703 460 280 542
758,524 519 661 570 680 648 460 508 520 697 559 280 542 703 512
759,570 280 508 520 681 661 460 680 519 524 559 697 523 558 648
760,570 559 524 661 280 520 680 648 523 681 519 460 697 558 508
761,661 520 508 559 648 519 542 524 570 703 280 680 697 381 681
762,661 559 508 680 524 681 280 519 520 648 697 381 570 703 542
763,559 661 519 524 280 648 581 680 520 508 570 706 681 542 381
764,524 648 559 508 520 706 661 381 681 280 680 581 570 542 519
765,524 559 681 523 648 680 511 706 520 280 661 508 581 381 519
766,559 680 661 519 681 520 511 280 508 524 706 648 381 581 523
767,524 681 661 523 508 706 558 680 648 559 280 526 460 511 520
768,280 519 508 523 524 460 706 648 558 559 681 520 661 680 511
769,461 378 703 335 712 470 424 420 429 713 714 715 716 717
770,424 470 461 703 335 712 378 713 714 717 420 716 715 429
771,461 703 470 378 712 714 335 713 424 429 715 716 420 717
772,703 461 335 712 378 424 714 716 470 715 713 429 420 717
773,378 335 703 712 424 714 470 461 420 716 713 717 429 715
774,703 378 470 714 712 461 713 420 716 335 424 715 429 717
775,386 108 718 719 720 721 722 723 334 724 725 726 727 728
776,718 108 722 720 721 386 334 719 723 724 725 727 728 726
777,108 386 718 720 723 334 725 722 724 727 719 728 721 726
778,386 718 720 721 719 108 723 334 724 722 725 727 728 726
779,386 718 719 721 724 722 108 334 723 720 725 727 726 728
780,718 723 386 720 108 721 719 724 334 727 722 725 728 726
781,658 484 472 482 480 477 486 729 730 109 491 731 129 732 78 489
782,472 489 109 491 482 729 480 658 477 486 732 484 129 730 731 78
783,484 109 731 489 730 477 729 472 482 480 486 658 491 78 732 129
784,109 486 477 729 489 484 480 482 78 730 129 472 731 491 658 732
785,484 109 729 486 472 78 480 129 731 491 482 489 730 658 477 732
786,472 486 729 491 480 109 477 484 489 129 78 731 658 482 730 732
787,480 477 109 484 482 78 729 472 730 731 486 658 491 489 129 732
788,729 486 730 480 477 731 489 491 472 109 732 482 129 484 78 658
789,477 480 109 472 482 129 658 730 489 486 729 484 78 491 731 732
790,486 729 482 477 472 480 491 109 78 731 730 489 129 484 658 732
791,477 482 730 484 129 486 78 491 658 731 109 480 489 729 472 732
792,480 109 477 729 486 484 489 658 472 482 730 78 491 731 129 732
793,729 486 730 489 491 482 472 484 477 731 480 78 658 109 129 732
794,486 489 729 730 484 480 482 477 109 78 129 472 731 491 658 732
795,436 238 245 490 663 733 734 674 130 86 735 91 736 737 738 739
796,436 238 736 245 739 734 737 663 733 735 130 490 674 738 91 86
797,674 490 735 736 245 663 737 738 238 739 436 734 91 130 86 733
798,130 238 735 663 490 245 436 734 737 738 739 674 91 736 733 86
799,238 734 245 663 130 739 490 436 735 91 737 738 674 86 733 736
800,130 736 490 734 436 733 238 674 735 86 739 663 738 245 91 737
801,733 737 734 436 245 490 238 130 674 735 740 86 738 663 91 739
802,663 735 734 740 436 738 739 91 490 245 733 674 130 737 238 86
803,739 490 130 238 663 436 245 86 733 91 734 738 737 674 740 735
804,733 436 663 734 238 91 130 738 740 490 245 674 737 735 739 86
805,734 245 130 737 733 738 740 663 436 735 238 674 91 739 490 86
806,738 737 734 245 674 238 739 436 733 663 91 130 735 740 490 86
807,739 130 735 238 663 436 733 245 490 91 734 740 674 737 738 86
808,490 436 733 735 238 130 674 91 738 737 739 734 740 663 245 86
809,741 742 31 282 52 743 29 744 745
810,746 747 59 748 749 750 751 752 753
811,754 755 756 757 758 759 760 761 762 545 550 763 76 764 765 82
812,754 760 762 76 545 758 763 550 765 756 755 82 764 757 761 759
813,754 762 761 765 755 76 760 763 82 756 757 758 759 550 764
814,762 761 758 760 756 755 757 754 82 763 765 76 759 764 550
815,754 761 758 762 759 765 756 760 76 757 755 82 764 550 763
816,760 754 76 757 765 758 756 82 759 761 762 763 755 764 550
817,762 754 757 761 763 765 756 545 758 759 82 755 94 550 764
818,755 763 762 761 756 765 754 550 757 82 94 758 759 545 764
819,765 754 761 515 763 758 757 762 755 766 82 759 756 545 94
820,755 515 756 754 761 763 762 765 766 82 545 759 757 758 94
821,762 754 755 763 765 94 550 82 764 758 761 545 756 757 759
822,755 757 762 765 756 759 82 763 758 545 761 754 764 94 550
823,761 94 545 762 515 763 754 766 765 755 756 758 82 759 757
824,766 82 755 758 762 761 765 515 756 757 763 754 94 759 545
825,525 767 475 583 507 680 508 538 681 556 532 239 75 387 616 73 683
826,475 508 683 507 525 681 538 583 680 239 767 75 556 387 616 532 73
827,475 560 680 556 507 681 525 767 532 583 508 387 616 239 538 73 75
828,680 681 507 683 508 475 767 525 616 538 583 532 75 556 387 73 239
829,683 508 583 767 538 681 507 525 556 680 239 475 387 548 75 73 532
830,683 556 508 387 239 507 538 475 525 583 680 681 548 767 73 75 532
831,683 556 538 767 681 507 508 475 525 680 583 73 532 548 387 75 239
832,538 525 683 583 507 508 681 767 680 556 387 475 75 73 548 532
833,767 560 475 680 525 508 507 681 583 556 532 239 768 548 387 75 73
834,475 680 548 507 508 767 768 560 583 556 532 681 525 239 73 75 387
835,475 556 560 680 387 532 239 583 73 507 767 681 508 525 768 548 75
836,681 583 507 556 767 508 768 475 560 680 525 548 239 532 73 387 75
837,675 522 527 557 613 769 240 542 582 571 243 610 770 771 534 772 773
838,675 522 769 613 557 527 542 571 771 582 770 240 610 534 772 243 773
839,240 769 675 582 557 522 571 770 527 243 772 534 613 771 610 773 542
840,675 571 527 522 557 769 534 240 613 770 582 243 771 542 772 610 773
841,522 769 770 557 571 527 240 613 675 771 610 582 772 534 542 243 773
842,675 769 522 582 527 557 613 571 770 542 771 240 243 610 772 773
843,571 769 675 610 542 770 557 582 522 527 613 771 240 243 534 772 773
844,769 582 675 522 527 613 771 557 534 542 243 770 571 240 610 772 773
845,243 610 573 527 383 571 582 770 675 613 771 557 773 240 542 522 774
846,675 522 573 527 571 613 610 770 542 771 383 557 773 243 774 240 582
847,675 571 522 527 573 613 542 582 240 243 770 610 557 383 771 773 774
848,522 240 542 610 573 675 571 527 771 557 582 383 243 613 773 770 774
849,565 687 775 551 246 776 612 777 778 779 780 781 591 782 547 783 784 785
850,777 687 246 551 782 783 785 591 612 547 781 775 565 784 779 780 778 776
851,565 780 778 246 687 783 782 551 785 547 781 784 612 779 775 776 591 777
852,781 783 784 687 780 776 778 551 547 565 777 591 612 785 779 782 775
853,246 778 782 781 784 547 785 612 783 775 776 780 591 687 779 551 777 565
854,780 551 565 784 778 775 776 612 687 246 591 782 781 783 785 779 547 777
855,782 778 687 551 565 780 785 775 612 779 776 547 783 784 246 591 777 781
856,779 782 612 781 785 551 565 780 775 591 687 778 783 547 246 777 776 784
857,511 507 239 767 786 583 524 508 522 680 560 387 513 477 610
858,522 524 477 680 511 508 583 387 513 786 767 560 507 239 610
859,507 560 511 680 767 583 524 387 508 522 477 610 786 513 239
860,522 511 507 239 680 524 786 508 583 387 610 513 560 477 767
861,511 522 508 583 680 524 560 610 239 507 767 786 387 513 477
862,522 524 239 387 583 508 511 513 560 680 507 786 477 767 610
863,522 508 507 680 511 610 387 239 560 524 767 513 786 477 583
864,522 560 511 477 507 610 680 524 786 508 583 767 239 513 387
865,511 560 767 583 508 239 507 680 524 786 387 513 522 477 610
866,583 477 511 680 508 507 767 522 524 513 387 786 610 560 239
867,475 525 529 532 695 527 523 582 787 383 571 687 243 788 620
868,695 475 527 787 525 582 529 571 243 788 687 620 523 532 383
869,527 383 243 571 475 788 525 582 787 523 687 532 529 695 620
870,571 695 687 532 475 243 787 529 582 523 383 527 525 620 788
871,582 571 475 687 529 695 523 788 532 787 243 383 525 620 527
872,695 571 529 787 475 525 788 523 383 527 243 687 582 532 620
873,527 582 571 525 529 523 788 695 787 243 620 687 475 532 789
874,475 525 571 529 582 695 527 788 243 789 787 687 523 532 620
875,695 525 571 243 475 582 527 788 523 787 789 529 687 532 620
876,475 523 571 529 582 695 787 527 525 243 687 788 532 789 620
877,584 769 473 790 667 565 534 791 778 548 771 564 792 793 542
878,667 584 790 565 564 769 778 791 473 792 534 548 542 771 793
879,667 791 584 769 473 565 778 790 792 771 564 793 534 548 542
880,790 778 667 769 564 473 584 565 792 771 548 542 793 534 791
881,667 792 542 791 769 584 473 793 548 771 564 778 565 534 790
882,790 584 791 667 564 769 778 793 565 771 792 473 534 542 548
883,769 778 584 793 667 790 473 564 771 791 534 542 792 548 565
884,667 473 565 534 791 542 793 790 564 584 792 769 778 548 771
885,473 565 667 769 790 548 564 778 584 792 534 542 791 771 793
886,667 473 534 769 793 791 565 564 792 790 542 771 778 548 584
887,511 507 239 767 786 583 524 508 522 680 560 387 513 477 610
888,522 524 477 680 511 508 583 387 513 786 767 560 507 239 610
889,507 560 511 680 767 583 524 387 508 522 477 610 786 513 239
890,522 511 507 239 680 524 786 508 583 387 610 513 560 477 767
891,511 522 508 583 680 524 560 610 239 507 767 786 387 513 477
892,522 524 239 387 583 508 511 513 560 680 507 786 477 767 610
893,522 508 507 680 511 610 387 239 560 524 767 513 786 477 583
894,522 560 511 477 507 610 680 524 786 508 583 767 239 513 387
895,511 560 767 583 508 239 507 680 524 786 387 513 522 477 610
896,583 477 511 680 508 507 767 522 524 513 387 786 610 560 239
897,475 525 529 532 695 527 523 582 787 383 571 687 243 788 620
898,695 475 527 787 525 582 529 571 243 788 687 620 523 532 383
899,527 383 243 571 475 788 525 582 787 523 687 532 529 695 620
900,571 695 687 532 475 243 787 529 582 523 383 527 525 620 788
901,582 571 475 687 529 695 523 788 532 787 243 383 525 620 527
902,695 571 529 787 475 525 788 523 383 527 243 687 582 532 620
903,527 582 571 525 529 523 788 695 787 243 620 687 475 532 789
904,475 525 571 529 582 695 527 788 243 789 787 687 523 532 620
905,695 525 571 243 475 582 527 788 523 787 789 529 687 532 620
906,475 523 571 529 582 695 787 527 525 243 687 788 532 789 620
907,584 769 473 790 667 565 534 791 778 548 771 564 792 793 542
908,667 584 790 565 564 769 778 791 473 792 534 548 542 771 793
909,667 791 584 769 473 565 778 790 792 771 564 793 534 548 542
910,790 778 667 769 564 473 584 565 792 771 548 542 793 534 791
911,667 792 542 791 769 584 473 793 548 771 564 778 565 534 790
912,790 584 791 667 564 769 778 793 565 771 792 473 534 542 548
913,769 778 584 793 667 790 473 564 771 791 534 542 792 548 565
914,667 473 565 534 791 542 793 790 564 584 792 769 778 548 771
915,473 565 667 769 790 548 564 778 584 792 534 542 791 771 793
916,667 473 534 769 793 791 565 564 792 790 542 771 778 548 584
917,794 795 765 755 739 785 796 797 784 779 780 593 756 798 799 613 776
918,798 765 613 755 796 799 780 779 795 785 593 784 739 794 776 797 756
919,798 613 780 784 795 755 785 796 739 797 756 779 765 593 794 799 776
920,613 785 755 756 794 784 779 797 739 780 593 798 799 795 765 796 776
921,593 798 795 780 784 739 797 785 796 613 755 765 776 779 756 794 799
922,739 795 593 796 780 798 794 776 755 799 613 797 785 784 756 612 765
923,785 780 784 797 799 593 798 739 794 755 795 756 776 613 765 612 796
924,593 796 613 780 784 765 612 755 739 798 799 756 797 776 785 794 795
925,472 675 484 480 580 130 129 121 78 238 489 800 436 801 658
926,675 130 472 121 580 129 480 78 484 489 800 658 436 238 801
927,675 472 484 121 436 480 238 658 78 129 489 130 580 802 800
928,484 238 675 580 436 472 121 658 130 480 78 489 129 800 802
929,675 580 121 484 472 436 78 238 480 129 130 658 489 800 803
930,472 238 130 484 121 675 580 489 78 480 436 658 129 800 803
931,675 472 480 580 238 78 800 658 436 130 129 801 484 121 489
932,472 675 238 436 130 121 580 78 480 484 129 489 658 800 801
933,675 484 472 580 480 238 130 436 129 658 121 489 78 803 800
934,675 436 472 130 484 580 480 121 238 489 78 800 658 129 803
935,663 729 730 782 654 804 674 805 284 91 90 806 445 137 807
936,445 729 137 730 782 654 663 674 284 91 90 806 804 807 805
937,663 445 730 729 806 782 284 137 654 674 807 91 804 90 805
938,445 729 782 654 730 804 137 674 663 807 90 805 806 284 91
939,663 654 137 729 730 782 91 674 806 284 807 445 90 804 805
940,445 663 729 730 91 782 90 654 805 807 674 137 284 806 804
941,674 445 654 730 729 663 806 808 807 137 91 805 782 284 90
942,729 663 654 806 137 730 674 782 807 284 445 90 805 808 91
943,654 729 137 663 284 730 808 807 806 674 782 91 445 805 90
944,137 807 729 806 674 663 445 91 730 808 654 782 805 284 90
945,809 552 810 736 596 439 811 812 813 536 814 145 147
946,809 736 810 439 552 536 596 811 145 813 814 147 812
947,810 809 552 439 596 536 811 736 813 812 814 145 147
948,809 810 811 736 813 814 552 596 536 812 439 145 147
949,596 552 812 145 810 439 809 811 814 813 736 536 147
950,810 809 596 811 439 552 812 814 813 736 536 145 147
951,810 736 596 809 811 552 439 813 812 145 536 814 147
952,391 815 816 248 247 81 643 732 817 818 819 820 438
953,732 248 247 391 816 643 81 818 817 815 438 819 820
954,248 247 643 391 815 816 732 81 817 819 818 438 820
955,247 815 732 391 248 816 817 643 81 818 819 820 438
956,248 391 247 643 817 815 81 104 732 818 438 819 820
957,247 815 643 248 104 81 391 818 732 819 820 817 438
958,643 247 248 391 815 817 732 104 81 819 821 820 438
959,822 63 748 282 823 31 824 750 825 70 826
960,822 63 31 824 825 823 282 750 70 748 826
961,822 63 748 823 31 282 825 824 70 750 826
962,63 827 31 824 748 823 282 750 70 825 826
963,827 63 31 823 282 748 750 70 824 825 826
964,828 829 55 29 830 831 832 57 833 834
965,828 29 829 55 830 831 832 57 833 834
966,829 828 29 55 57 831 832 830 833 834
967,828 65 829 55 29 832 830 57 831 833
968,828 829 65 29 832 55 830 831 57 833
969,41 23 835 649 836 158 157 30 837 838 839 44
970,649 41 23 836 835 157 158 837 838 839 30 44
971,41 838 23 157 158 649 30 835 839 837 44 836
972,41 23 649 835 157 30 836 837 838 839 158 44
973,37 840 159 841 164 842 38 843 34 844 845 846
974,841 37 842 843 840 38 159 164 845 844 34 846
975,841 37 843 842 159 840 38 34 845 164 844 846
976,37 841 840 842 843 34 38 164 845 159 844 846
977,784 443 154 547 779 847 848 550 819
978,784 779 547 154 443 848 550 819 847
979,784 550 547 443 154 779 847 848 849
980,779 547 784 443 154 847 550 848 849
981,777 784 850 154 443 847 550 848 819
982,154 850 784 847 777 848 443 550 819
983,781 785 755 644 545 851 852 853 854
984,781 785 851 755 644 852 854 853 545
985,785 765 781 851 545 644 852 854 853
986,781 785 545 851 765 852 644 853 854
987,785 851 765 781 545 644 852 853 854
988,765 785 851 781 852 545 644 853 854
989,475 790 778 667 236 793 798 792 72 89 573 516 477 564 607 557 473 515
990,573 778 792 790 557 475 477 667 473 89 564 798 72 793 516 236 515 607
991,798 475 473 573 778 564 557 792 667 793 236 72 89 790 516 477 515 607
992,475 793 557 473 564 778 573 792 798 667 477 790 89 515 72 607 516 236
993,792 573 72 564 473 477 793 798 667 475 236 516 778 89 790 515 557 607
994,473 667 475 557 72 798 573 516 792 236 515 778 564 790 89 607 793 477
995,473 778 667 236 793 573 72 475 790 564 89 477 557 792 798 515 607 516
996,798 564 473 667 516 573 557 72 778 792 477 475 793 89 236 790 438 515
997,787 667 793 473 792 236 790 477 778 475 564 516 72 798 89 557 438 515
998,667 473 790 236 557 475 793 72 89 787 778 792 798 516 564 438 477 515
999,473 667 475 790 793 792 477 72 557 798 89 787 236 516 778 564 515 438
1000,557 477 778 667 473 798 790 793 792 72 475 564 787 516 236 515 438 89
1001,792 790 475 793 667 798 236 778 477 473 89 557 516 72 564 515 787 438
1002,568 770 738 246 762 584 552 780 855 562 240 525 856 535 593 74 817 857
1003,525 584 240 770 568 780 762 856 74 562 246 593 552 855 738 535 817 857
1004,780 770 562 240 593 246 738 584 856 525 568 762 74 535 552 855 536 857
1005,584 246 525 856 770 240 855 535 593 780 738 762 74 562 568 536 552 857
1006,562 856 780 738 770 568 584 246 535 855 240 525 762 74 552 593 536 857
1007,240 780 762 770 525 584 856 562 593 738 246 855 535 74 568 552 536 857
1008,568 240 525 856 552 562 584 770 593 738 855 762 780 817 246 74 535 857
1009,593 535 552 568 246 780 770 525 562 856 74 738 855 584 762 817 813
1010,762 780 770 525 568 562 584 246 856 593 74 855 535 552 240 738 817 813
1011,562 246 770 525 762 738 855 584 593 74 780 568 535 856 240 817 552 813
1012,525 780 246 593 568 535 856 584 240 762 738 552 562 74 536 858 813
1013,770 240 525 780 246 568 562 856 593 552 762 738 536 584 858 74 535 813
1014,525 856 240 593 562 568 770 74 584 552 762 738 858 535 817 246 813 780
1015,729 480 109 486 491 482 580 859 129 121 146 78 860 861 862 489
1016,486 491 109 859 729 146 129 78 482 480 489 121 860 580 861 862
1017,109 482 480 129 729 859 860 486 489 121 580 78 146 491 862 861
1018,121 580 109 859 480 486 489 482 729 491 146 860 78 862 129 861
1019,109 729 580 480 859 486 129 121 491 489 78 860 146 482 861 862
1020,729 121 486 480 859 860 129 78 482 862 146 491 109 580 489 861
1021,486 109 729 489 859 491 78 580 860 482 480 121 129 863 862 861
1022,729 580 859 482 491 486 109 78 129 480 862 121 863 489 860 861
1023,486 109 729 121 859 491 580 482 129 489 78 860 480 861 862 863
1024,109 486 78 129 489 729 480 580 860 482 121 859 862 491 861 863
1025,864 811 654 91 736 238 865 445 130 759 245 731 735 149 866 147
1026,864 445 654 130 238 149 811 735 245 731 865 736 759 91 866 147
1027,735 864 731 811 130 91 238 245 445 759 654 149 865 736 147 866
1028,238 445 130 731 654 245 864 735 811 759 865 91 736 149 147 866
1029,238 654 731 436 735 445 91 736 864 245 867 149 130 865 147 866
1030,245 238 436 736 735 731 130 864 91 445 149 654 147 865 866 867
1031,731 238 654 130 865 91 445 864 436 735 245 867 736 147 868 866
1032,130 238 245 867 865 731 91 654 864 736 436 445 735 147 866 868
1033,238 864 245 445 91 130 735 731 867 436 865 654 869 147 866 868
1034,445 238 654 130 436 245 867 864 735 865 91 731 866 868 147
1035,522 526 677 507 680 695 511 767 583 513 387 508 683 239 75
1036,511 508 522 526 695 683 677 507 767 680 610 513 583 239 387 75
1037,511 526 677 695 507 870 767 508 522 383 680 387 513 610 683 75
1038,522 683 767 677 526 680 511 695 383 507 508 513 870 387 610 75
1039,511 683 513 507 526 695 767 680 508 522 383 870 677 610 387 75
1040,507 522 508 526 683 383 767 610 511 870 695 680 513 387 677 75
1041,526 767 677 507 511 695 508 683 610 870 522 383 387 513 75 680
1042,526 767 683 507 508 695 677 383 870 680 513 522 511 75 610 387
1043,507 508 583 505 680 513 695 767 511 683 610 526 75 239 612 387
1044,507 505 680 767 511 526 583 508 683 610 75 695 239 387 612 513
1045,508 511 507 767 680 387 526 612 513 239 695 505 583 75 683 610
1046,505 508 507 612 511 680 695 526 767 610 583 239 683 387 513 75
1047,680 508 526 511 663 610 507 239 695 612 513 683 505 387 75 767
1048,680 683 767 695 526 507 511 610 663 612 505 387 513 239 508 75
1049,509 556 538 570 769 565 560 527 523 532 548 534 585 529 243 773
1050,570 560 565 556 538 509 523 527 548 769 529 585 243 534 532 773
1051,769 527 560 585 570 556 538 243 565 548 529 509 532 523 534 773
1052,570 523 560 769 585 243 565 538 527 556 529 509 534 548 773 532
1053,509 585 560 527 529 556 570 538 523 565 243 773 537 534 769
1054,570 534 560 529 556 509 585 769 565 538 537 527 532 523 243 773
1055,509 570 243 560 527 529 556 565 538 548 534 532 585 871 773 769
1056,560 529 509 243 769 548 538 532 570 871 527 556 585 773 565 534
1057,538 560 527 523 570 769 534 707 243 585 529 556 548 565 532 773
1058,560 527 529 570 538 523 707 585 534 769 532 548 565 556 243 773
1059,527 570 529 532 556 565 707 560 523 769 537 538 585 243 534 773
1060,527 769 570 529 556 523 243 585 538 565 707 560 532 534 537 773
1061,523 527 509 570 769 585 538 560 556 243 534 537 529 565 532 773
1062,509 570 769 523 537 538 556 243 560 527 585 529 534 532 565 773
1063,511 505 524 275 507 526 508 696 454 509 700 677 433 226 872 588 610
1064,677 275 524 696 610 511 505 507 526 454 509 226 700 508 872 588 433
1065,700 872 526 509 524 696 507 677 275 505 433 226 511 454 508 610 588
1066,677 511 524 454 696 433 507 509 275 508 505 226 872 610 588 700 526
1067,524 454 696 509 508 507 505 677 700 226 433 526 511 872 588 610 275
1068,524 511 226 454 275 677 872 507 505 509 588 526 696 700 548 433 508
1069,508 872 275 700 226 511 454 677 505 433 507 509 696 524 526 873 588
1070,677 872 524 511 275 700 454 508 509 505 507 526 588 226 696 433 873
1071,769 695 523 522 493 571 570 609 681 874 791 712 798 875 280 876 537
1072,280 875 712 522 571 570 681 609 695 791 769 493 537 523 874 798 876
1073,695 791 570 522 681 537 769 609 875 280 571 493 877 523 874 712 876
1074,493 769 681 695 522 874 537 609 791 280 571 875 570 877 523 876 712
1075,522 695 571 791 712 769 609 493 570 875 681 280 798 523 874 537 876
1076,609 791 875 522 712 769 681 280 798 523 571 876 695 570 493 537 874
1077,681 875 571 791 493 798 878 695 542 280 522 609 570 712 537 876 388
1078,522 791 571 878 280 875 493 609 695 798 712 681 537 570 388 876 542
1079,742 50 822 24 470 841 40 424 29 335
1080,24 822 470 50 742 40 841 29 424 335
1081,470 50 841 822 24 424 335 29 40 742
1082,470 50 822 742 24 841 29 424 335 40
1083,841 24 742 470 50 822 40 29 424 335
1084,24 742 841 470 40 822 424 29 335 50
1085,822 841 470 24 50 40 335 424 742 29
1086,470 742 822 40 841 29 335 24 424 50
1087,822 470 841 40 50 24 335 742 424 29
1088,24 470 50 40 742 424 841 879 29 335
1089,879 24 470 424 742 335 40 50 29 841
1090,334 41 835 880 684 61 425 832 392 881
1091,334 684 41 392 880 61 835 425 881 832
1092,880 684 61 334 41 835 392 832 881 425
1093,41 880 835 334 425 684 61 392 832 881
1094,41 835 684 334 880 61 392 832 881 425
1095,41 684 425 880 61 835 334 392 881 832
1096,41 835 334 425 392 880 684 881 61 832
1097,880 684 41 392 835 832 61 334 881 425
1098,684 334 425 880 835 41 392 61 832 881
1099,882 835 392 41 684 425 334 61 881 832
1100,41 882 684 835 334 392 425 61 881 832
1101,109 472 221 660 482 865 491 264 239 477 112 135 78 743
1102,660 109 221 239 472 135 482 78 865 477 112 491 264 743
1103,135 239 660 491 221 482 109 472 78 743 865 477 264 112
1104,221 472 660 477 239 482 112 109 135 865 264 743 78 491
1105,477 472 482 135 660 109 78 239 491 221 865 112 264 743
1106,477 221 660 482 78 491 109 112 264 239 472 135 743 865
1107,472 482 477 660 78 109 264 135 221 883 239 491 112 865
1108,482 660 264 109 221 112 477 239 135 491 78 472 883 865
1109,221 472 660 477 135 491 743 112 482 109 78 264 865 239
1110,477 660 112 239 743 482 221 472 491 264 109 78 135 865
1111,580 736 574 490 110 663 66 884 132 860 91 130 803 576
1112,860 110 663 574 130 66 884 132 490 580 736 576 803 91
1113,110 91 130 132 574 580 860 66 736 663 803 885 884 490
1114,110 490 130 66 574 663 580 132 91 884 860 885 803 736
1115,130 580 132 574 663 66 490 91 860 110 576 736 803 884
1116,490 580 574 663 110 130 132 576 884 736 860 91 66 803
1117,490 574 580 860 66 132 663 736 886 110 576 130 91 803
1118,574 110 130 663 490 580 66 91 132 860 736 576 803 886
1119,574 130 663 66 580 490 576 110 860 132 91 736 803 884
1120,574 130 576 132 860 110 490 736 66 663 580 884 91 803
1121,108 648 675 473 124 121 486 650 116 113 234 480 62 489 133 146
1122,648 234 480 486 124 108 675 650 62 227 116 121 489 473 113 146 133
1123,648 675 473 108 234 489 650 124 121 486 480 113 227 116 62 133
1124,648 108 486 489 675 227 650 234 480 473 121 116 887 124 113 133 62
1125,648 675 473 486 108 480 124 234 133 62 650 121 227 489 113 116 887
1126,486 648 473 121 113 675 234 108 227 650 480 124 116 489 62 887 133
1127,108 648 675 480 234 121 146 486 650 124 473 113 62 227 489 133 116
1128,108 648 486 480 675 650 473 124 146 121 234 489 227 116 62 113 133
1129,108 648 675 473 116 486 650 133 227 146 489 113 121 124 480 62 234
1130,675 648 650 108 473 234 486 124 227 62 480 146 113 121 489 116 133
1131,648 675 124 234 227 473 888 650 480 108 486 62 116 489 133 146 113
1132,709 864 654 889 484 859 719 890 126 759 731 54 655 134 891 149 892
1133,484 709 719 134 864 859 655 890 731 149 891 654 892 759 889 126 54
1134,889 484 709 719 891 731 126 654 655 890 859 867 864 54 134 892 149
1135,864 859 484 126 655 889 731 719 709 867 134 890 891 54 654 149 892
1136,654 709 890 731 859 864 891 889 484 126 867 719 54 655 892 149 134
1137,484 890 889 719 54 867 709 126 891 859 864 654 134 731 892 655 149
1138,484 709 719 859 864 889 890 731 891 134 126 654 54 867 657 149 892
1139,731 859 484 893 889 654 891 864 54 719 655 134 149 126 709 867 892
1140,859 484 709 134 893 731 654 126 891 149 719 867 889 864 54 655 892
1141,484 859 864 893 891 719 126 54 134 654 709 889 655 867 892 731 149
1142,864 134 126 484 859 893 892 709 759 719 54 889 731 891 149 657 654
1143,754 760 531 894 790 687 617 793 809 895 439 601 75 814 550
1144,687 531 793 760 790 617 439 75 754 809 895 894 601 550 814
1145,754 617 790 809 687 793 760 531 894 896 75 601 439 550 814
1146,790 617 687 894 531 754 793 896 809 601 75 760 439 814 550
1147,687 617 894 809 760 439 895 790 793 531 754 601 75 814 766
1148,793 617 760 809 531 601 790 754 439 75 687 895 894 814 766
1149,617 894 760 896 531 790 793 809 754 687 75 439 550 601 814
1150,760 790 894 531 896 754 617 601 687 75 793 809 439 550 814
1151,760 617 790 754 793 75 687 894 814 439 531 809 895 601 550
1152,754 809 617 531 760 75 687 790 793 895 814 439 894 601 550
1153,897 856 898 761 94 816 442 851 762 811 545 248 899 88 773
1154,762 761 851 898 442 897 816 248 811 856 94 545 899 773 88
1155,761 897 856 898 762 816 851 248 811 94 545 88 442 899 773
1156,811 851 762 816 761 898 442 94 856 897 899 773 248 88 545
1157,761 811 898 856 816 897 851 88 442 762 94 248 899 773 900
1158,761 762 897 900 898 856 442 851 811 94 248 773 816 899 88
1159,856 851 762 897 898 811 761 248 94 88 545 899 442 773 816
1160,898 762 248 761 851 897 856 811 94 545 88 773 816 442 899
1161,897 811 898 856 761 248 762 851 88 816 94 545 442 899 773
1162,856 898 762 761 897 851 94 442 248 811 816 88 899 545 773
1163,901 716 727 902 903 904 905 906 907 908 909
1164,716 904 727 901 902 903 907 905 906 908 909
1165,716 901 910 727 904 905 911 912 907 902 909
1166,727 716 901 904 912 902 910 911 907 909
1167,727 901 913 903 907 716 902 906 909 914
1168,727 716 901 903 902 904 907 906 913 909 914
1169,907 716 901 904 727 913 902 910 912 908 909
1170,716 901 727 904 323 912 907 913 908 909
1171,907 901 716 727 915 904 323 914 912 906 909
1172,716 901 323 727 904 907 914 915 906 912 909
1173,716 901 727 907 910 904 912 915 323 909 916
1174,716 727 323 901 912 904 907 909 915 910 916
1175,917 918 919 920 921 327 922 923 924 925 926
1176,919 917 918 920 327 926 921 924 925 922 923
1177,725 327 717 927 919 923 928 921 929 930
1178,327 919 725 928 923 921 717 927 930 929 918
1179,726 922 920 927 921 327 919 926 923 918 931
1180,919 922 920 327 726 926 918 921 931 923 927
1181,725 717 918 327 927 921 919 923 928 929 930
1182,725 717 327 919 921 918 927 928 923 929 930
1183,920 717 922 918 327 917 921 919 932 923 931
1184,920 917 918 327 717 922 921 932 931 919
1185,725 717 918 327 933 921 934 923 935 930 928
1186,717 725 923 933 918 934 327 928 921 930 935
1187,936 396 937 938 939 345 940 941 942
1188,938 396 940 936 345 939 937 941 942
1189,396 940 939 345 936 937 938 941 942
1190,396 940 939 345 936 937 938 941 942
1191,396 345 940 937 938 939 936 941 943
1192,936 396 937 940 939 943 345 938 941
1193,944 945 946 947 430 948 949 950 951
1194,944 946 430 947 949 945 950 951 948
1195,944 430 946 947 945 948 950 951 949
1196,946 948 944 430 947 949 945 950 951
1197,952 953 954 844 955 956 161 957 958
1198,955 952 844 957 161 954 953 956 958
1199,955 957 954 952 956 844 161 953 958
1200,955 952 957 956 844 953 161 954 958
1201,952 955 844 953 956 954 161 957 958
1202,957 955 953 956 952 954 844 161 958
1203,959 158 960 961 962 963 964 965 966
1204,959 963 960 158 965 961 962 964 966
1205,959 960 963 962 965 158 964 961 966
1206,158 959 960 963 962 961 967 964 966
1207,158 967 959 963 964 961 962 960 966
1208,960 158 959 963 961 962 967 964 966
1209,780 968 969 72 970 858 806 674 74 547 549 87 971 237 972
1210,969 806 968 674 970 74 237 780 858 547 87 972 549 72 971
1211,968 969 87 780 72 970 674 237 549 74 547 806 858 972 971
1212,968 237 74 674 969 806 970 780 858 547 549 972 72 87 971
1213,970 968 969 674 780 87 72 806 237 858 74 547 972 971
1214,237 72 74 780 858 969 968 806 547 549 970 971 972 87
1215,973 89 244 974 975 775 781 757 782 976 154 79 977 978 979
1216,782 975 976 89 154 775 973 974 244 757 79 781 977 978 979
1217,757 782 776 89 781 244 154 975 974 973 977 79 978 976 979
1218,89 782 244 781 154 973 776 974 757 975 79 976 977 978 979
1219,975 978 974 89 775 782 757 977 154 781 973 244 79 976 979
1220,89 244 782 154 976 781 973 974 757 776 978 79 975 977 979
1221,516 980 869 981 536 815 736 982 248 983 984 985
1222,869 248 736 981 815 516 983 980 982 985 536 984
1223,869 516 985 248 736 983 980 982 815 984 981 536
1224,736 248 980 985 981 869 516 815 983 982 536 984
1225,981 248 736 536 516 983 815 869 985 980 982 984
1226,109 580 477 779 667 648 649 112 668 480 125 223 865 146
1227,477 648 580 109 667 480 125 779 112 223 668 865 649 146
1228,648 667 223 649 477 109 580 779 480 668 146 125 112 865
1229,109 667 580 112 223 477 125 865 480 668 648 779 649 146
1230,580 109 668 648 477 667 480 649 112 146 865 125 223 779
1231,648 109 667 112 480 580 668 125 477 779 865 649 223 146
1232,667 112 648 480 580 109 668 477 223 649 865 986 779 146
1233,648 580 477 667 986 649 865 480 146 668 109 779 112 223
1234,668 580 477 648 986 667 109 649 146 480 112 223 865 779
1235,668 477 109 986 648 667 580 112 146 779 480 987 865 223
1236,988 739 132 194 283 130 490 475 989 238 860 759 340 149
1237,194 130 475 149 283 739 132 340 988 490 759 238 860 989
1238,475 238 132 130 490 860 989 194 739 988 149 340 283 759
1239,475 490 860 132 739 759 194 238 130 283 149 988 340
1240,475 149 238 490 194 739 989 860 132 759 988 130 283 340
1241,130 475 194 739 149 283 238 860 988 490 989 759 340 132
1242,475 989 132 130 238 988 860 283 490 194 149 759 340 739
1243,475 194 490 739 132 149 130 238 988 283 989 860 759 340
1244,475 238 194 130 132 490 989 739 149 759 988 860 283 340
1245,238 475 194 130 739 988 132 490 989 759 283 860 149 340
1246,658 864 245 799 990 991 992 804 843 993 868 994 756 995
1247,864 990 799 991 804 993 992 658 756 245 843 994 995 868
1248,864 843 799 756 993 658 994 990 804 991 868 992 245 995
1249,864 843 799 804 756 995 990 991 994 658 868 993 992 245
1250,864 991 990 993 799 804 843 658 245 868 995 992 994 756
1251,864 804 245 993 991 990 994 658 992 868 799 843 756 995
1252,245 804 864 658 990 868 992 993 756 799 843 991 995 994
1253,864 991 245 843 990 799 993 756 658 804 868 992 994 995
1254,864 843 658 245 993 991 799 804 992 756 990 994 868 995
1255,993 991 864 658 994 843 804 799 245 990 756 868 995
1256,996 260 997 998 999 174 259 1000 1001
1257,997 996 259 260 998 1000 174 1001 999
1258,260 996 997 174 259 998 1001 999 1000
1259,996 260 997 174 998 1001 259 1000 999
1260,997 260 174 996 1001 998 1000 259 999
1261,260 174 997 996 998 1001 1000 999 259
1262,1002 1003 178 1004 176 1005 1006 1007 1008
1263,1002 1005 176 1003 1006 1007 1008 178 1004
1264,1005 1002 1003 178 1008 176 1007 1004 1006
1265,1005 176 1002 1004 1006 178 1007 1008 1003
1266,1005 1002 1004 176 178 1006 1008 1007 1003
1267,1002 1006 1004 176 178 1005 1003 1008 1007
1268,1009 742 61 62 1010 830 749 747 1011 741
1269,1009 742 62 741 1011 61 830 1010 749 747
1270,1009 62 61 747 742 830 749 1010 1011 741
1271,829 54 1012 748 1013 1014 1015 70 1016 1017
1272,829 54 1015 1014 748 1012 70 1016 1013 1017
1273,829 54 748 1014 1013 1015 1012 1016 70 1017
1274,276 23 1018 657 40 836 953 35 44 826 745
1275,23 276 657 1018 40 35 953 836 826 44 745
1276,276 657 1018 23 35 836 40 953 826 44 745
1277,1019 836 1018 657 40 37 35 953 44 745 826
1278,657 1019 37 35 836 1018 40 745 953 826 44
1279,37 1019 1018 40 657 35 953 745 836 44 826
1280,657 1018 35 40 836 745 953 826 44
1281,1018 40 35 953 657 836 745 44 826
1282,959 838 157 392 1020 1021 952 1022 160 34 753
1283,157 959 1020 1021 838 952 392 34 160 753 1023
1284,1020 157 959 838 392 34 160 952 1021 753 1023
1285,164 1020 1024 392 840 838 160 34 1021 753
1286,840 164 1024 34 392 838 1020 160 1021 753
1287,838 840 1024 34 1020 392 164 753 1025 1021 160
1288,760 143 810 442 103 818 814 441 82 1026 971 979
1289,143 760 818 810 442 82 814 971 441 1026 103 979
1290,143 760 818 810 103 814 979 971 82 441 442 1026
1291,760 103 810 814 82 143 441 1026 818 971 979 442
1292,810 143 760 814 818 441 82 442 103 971 979 1026
1293,780 778 562 1027 515 785 800 794 1028 596 593 545 1029 73
1294,780 778 562 794 596 1027 73 1029 515 800 593 1028 785 545
1295,562 596 780 1029 778 593 1027 784 515 794 800 73 1028 545
1296,778 596 1029 562 780 784 545 593 73 1027 1028 800 515 794
1297,596 794 562 780 785 778 1027 515 1029 800 593 73 1028 545
1298,562 780 596 785 778 515 1029 73 794 1027 800 593 1028 545
1299,562 785 794 780 778 515 593 1029 1027 596 73 800 545 1028
1300,780 778 785 1027 562 73 596 1029 794 593 515 545 800 1028
1301,780 794 562 1027 596 1029 800 73 1028 785 593 778 545 515
1302,778 780 794 596 593 1029 1027 73 785 562 545 515 800 1028
1303,1029 968 562 794 515 73 784 778 596 1028 593 800 1027 545
1304,1029 968 794 593 778 515 562 784 1028 73 545 1027 800 596
1305,1029 562 794 968 785 1027 596 73 778 515 593 800 1028 545
1306,785 778 1029 794 1027 596 968 593 562 1028 515 545 73 800
1307,591 761 568 551 897 772 144 1030 855 895 535 145 550 977
1308,761 897 568 977 535 772 551 855 591 895 145 1030 550 144
1309,568 897 761 591 551 977 145 855 895 772 535 144 1030 550
1310,855 535 568 897 761 145 591 895 772 1030 977 551 550 144
1311,568 535 897 550 761 551 144 855 591 895 145 977 772 1030
1312,897 591 551 761 1030 535 772 568 550 977 855 895 144 145
1313,535 897 551 591 761 568 855 895 550 772 144 977 145 1030
1314,568 550 895 145 535 855 761 897 772 591 977 551 144 1030
1315,772 897 568 535 761 855 591 551 144 145 550 977 895 1030
1316,568 591 761 772 897 855 1030 535 895 551 550 145 144 977
1317,568 591 772 895 897 535 855 761 796 145 144 550 1030 977
1318,535 568 591 897 796 761 145 895 855 772 1030 144 550 977
1319,796 897 568 761 855 591 535 145 895 772 1030 977 550 144
1320,568 897 761 550 796 1030 591 855 772 535 145 895 144 977
1321,435 601 1031 1032 147 1033 607 1034 100 1035 608
1322,1032 601 435 1031 100 607 1035 147 1033 1034 608
1323,435 1031 601 1035 1032 1034 100 147 607 1033 608
1324,601 1032 435 1035 1033 1036 1034 100 607 147 608
1325,601 1035 1032 435 100 1033 147 1036 607 1034 608
1326,435 601 1032 1035 1033 1034 100 147 607 1036 608
1327,1037 443 862 438 608 1038 1039 1040 820 450 1041
1328,438 1037 862 1039 1038 443 608 1040 820 1041 450
1329,438 443 1037 862 1038 608 1039 820 450 1040 1041
1330,1037 443 1038 862 438 1040 1039 820 450 1041 1041
1331,1037 443 438 862 1038 450 1039 1040 820 1041 1041
1332,1037 862 438 443 1038 1040 450 1039 820 1041 1041
1333,758 1042 81 976 851 764 446 1043 1044
1334,763 1045 1046 1047 812 774 866 1048 1049
1335,226 493 522 556 609 386 525 389 561 1050 1051 1052 755 470
1336,556 493 525 522 609 755 561 226 386 470 1050 389 1051 1052
1337,609 522 493 556 561 226 1052 1050 386 525 755 1051 389 470
1338,522 556 226 525 470 389 1050 609 1053 561 1051 755 493 386
1339,522 556 493 609 470 525 226 386 755 1053 1050 389 561 1051
1340,525 470 522 556 226 609 493 1050 1053 755 386 389 1051 561
1341,226 389 609 522 525 493 755 1050 470 386 1053 1051 556 619
1342,493 556 522 525 389 755 1050 609 1051 1053 226 470 386 619
1343,522 609 386 1052 1050 525 561 232 470 556 493 530 389 226
1344,522 386 556 493 609 389 525 1050 1052 226 530 470 232 561
1345,127 556 470 389 493 1050 609 1052 522 232 525 386 561 530
1346,1052 522 493 556 1050 470 561 525 127 609 232 389 386 530
1347,556 470 522 493 609 525 389 1052 1050 232 127 755 619 386
1348,609 493 522 389 556 525 470 1050 1052 755 386 232 619 127
1349,777 498 770 538 1054 1055 1056 762 1057 684 336 874 1058 991
1350,770 1054 991 1055 498 777 1056 538 336 874 762 1058 1057 684
1351,684 1056 498 770 538 991 874 336 777 1055 762 1057 1058 1054
1352,770 874 762 1054 498 336 684 538 991 1055 1056 1058 777 1057
1353,498 684 538 1054 1056 874 770 1055 762 777 1057 1058 991 336
1354,498 1056 770 336 777 684 762 538 1054 1057 1055 1058 874 991
1355,762 1055 538 1056 770 1054 1059 684 336 498 1057 1058 991 777
1356,498 538 684 762 1059 1057 1055 1054 336 991 1056 777 770 1058
1357,538 498 1056 388 684 336 770 1055 991 1057 762 777 1054 1058
1358,538 1056 336 388 770 498 991 762 1055 1054 777 684 1058 1057
1359,1056 770 762 498 538 336 777 684 388 1055 1060 1054 991 1058
1360,538 336 762 1056 770 498 684 1055 777 388 1054 1058 1060 991
1361,538 498 1054 684 874 762 1060 1056 1055 770 336 777 991 1058
1362,336 538 1060 874 762 498 1056 684 770 1054 1055 1058 991 777
1363,1045 1035 732 818 978 1061 820 536 976 1062
1364,1045 976 732 818 1035 978 1061 820 536 1062
1365,732 1045 536 976 818 1061 978 1035 1062 820
1366,851 95 814 152 1063 984 1064 1065 1066
1367,814 851 95 1065 984 152 1066 1064 1063
1368,814 95 851 152 1064 984 1063 1066 1065
1369,258 255 1067 1068 1069 267 174 292 305 407 1070 1071
1370,174 1067 258 267 255 1069 292 407 1071 1072 1068 1070 305
1371,1067 174 258 267 1072 255 1068 292 1071 407 1069 305 1070
1372,267 1068 258 255 1067 1072 174 407 1069 1071 305 1070 292
1373,267 258 255 292 174 1067 1068 407 1071 1072 305 1070 1069
1374,255 1067 407 258 267 174 1071 1068 1072 292 305 1069 1070
1375,1067 255 1068 267 258 174 292 1069 1072 1071 407 305 1070
1376,255 292 1067 267 258 1071 174 1069 1068 1072 305 407 1070
1377,1068 258 255 292 1067 1072 267 174 407 1069 1071 305 1070
1378,1067 258 292 255 174 1069 267 1068 305 1072 407 1071 1070
1379,1073 1074 306 1075 1076 1077 1005 1078 1079 1080 191 1081 1082
1380,1077 1073 1076 1078 1005 1075 1079 1074 306 1080 191 1081 1082
1381,1077 1076 1074 1078 1075 1005 1079 1073 306 1083 1080 1082 1081
1382,1076 1077 1078 1079 1005 1074 1083 306 1080 1075 1082 1073 1081
1383,1078 1077 1074 1076 1075 1079 1005 1082 191 1073 306 1080 1081
1384,1005 1076 1080 1077 1079 306 1075 1078 1073 1074 1082 191 1081
1385,1073 1077 1079 1076 1074 1005 306 1082 1083 1075 1081 1078 1084
1386,1073 1005 1079 1083 1076 1077 1078 1074 1075 1082 1084 1081 306
1387,1078 1073 1076 1074 1005 1077 1079 1075 306 1082 1081 191 1084
1388,1079 1078 1073 1005 1075 1076 1077 1074 306 1084 191 1082 1081
1389,0 204 13 203 499 200 2 1085 1086 20 205
1390,0 204 203 13 499 200 1085 2 1086 205 20
1391,0 200 13 499 2 204 1085 203 205 1087 1086
1392,0 13 1085 204 200 203 499 2 1086 205 1087
1393,0 13 2 499 204 1085 203 1086 20 200 205
1394,0 203 13 499 204 1085 200 2 1086 205 20
1395,0 13 203 204 499 2 200 1085 205 1086 1087
1396,0 200 2 204 499 13 203 1085 1086 205 1087
1397,11 214 1088 1089 197 1090 1091 1092 1093 216 217
1398,11 214 1089 1090 197 1088 217 1092 1093 216 1091
1399,11 214 1088 1089 1091 197 216 1092 1093 217 1090
1400,11 1088 1089 1091 214 1092 197 217 216 1090 1093
1401,1088 11 1090 1091 214 1093 1089 1092 216 217 197
1402,11 1088 1089 1091 1092 214 1090 197 216 1093 217
1403,1088 1089 11 214 1092 216 1091 1090 1093 197 217
1404,1089 11 1091 1092 1088 214 1090 216 197 1093 217
1405,0 204 13 203 499 200 2 1085 1086 20 205
1406,0 204 203 13 499 200 1085 2 1086 205 20
1407,0 200 13 499 2 204 1085 203 205 1087 1086
1408,0 13 1085 204 200 203 499 2 1086 205 1087
1409,0 13 2 499 204 1085 203 1086 20 200 205
1410,0 203 13 499 204 1085 200 2 1086 205 20
1411,0 13 203 204 499 2 200 1085 205 1086 1087
1412,0 200 2 204 499 13 203 1085 1086 205 1087
1413,11 214 1088 1089 197 1090 1091 1092 1093 216 217
1414,11 214 1089 1090 197 1088 217 1092 1093 216 1091
1415,11 214 1088 1089 1091 197 216 1092 1093 217 1090
1416,11 1088 1089 1091 214 1092 197 217 216 1090 1093
1417,1088 11 1090 1091 214 1093 1089 1092 216 217 197
1418,11 1088 1089 1091 1092 214 1090 197 216 1093 217
1419,1088 1089 11 214 1092 216 1091 1090 1093 197 217
1420,1089 11 1091 1092 1088 214 1090 216 197 1093 217
1421,835 470 24 386 872 390 1051 453 876 243 1094 537 1095 383
1422,24 872 1094 470 390 835 386 383 243 537 453 1095 1051 876
1423,1094 24 243 386 537 390 835 1051 383 470 453 872 876 1095
1424,243 24 386 390 1094 470 383 1095 537 835 1051 876 872 453
1425,24 243 1096 390 1094 835 383 470 453 386 1095 1051 610 876
1426,610 470 1096 1051 390 24 835 243 1094 383 453 386 1095 876
1427,1094 386 24 243 1096 835 453 470 390 383 1095 876 316
1428,24 386 1096 243 835 470 390 453 316 383 1094 1095 876
1429,24 243 470 609 386 390 1051 453 537 1097 835 1094 1095 876
1430,390 470 24 453 1094 243 386 537 609 1051 1097 1095 876 835
1431,609 243 24 453 1051 1094 390 470 1097 835 1095 386 876
1432,243 453 24 390 1094 609 1051 470 1097 386 835 1095 876
1433,609 1097 386 470 1051 453 24 390 243 1094 835 1095 876
1434,234 684 1098 41 387 534 548 561 841 1099 1100 1101 1102 1057
1435,684 534 387 561 841 234 41 548 1098 1099 1057 1101 1102 1100
1436,234 387 841 684 1098 1099 41 548 534 561 1101 1057 1103 1100
1437,1098 841 684 387 234 1101 561 548 41 1100 534 1057 1103 1099
1438,684 387 841 234 534 1098 561 41 1101 1102 548 1057 1100 1099
1439,234 41 841 684 387 534 561 1101 1057 1098 1099 548 1102 1100
1440,234 41 1057 387 684 534 1102 841 1098 1101 548 561 1099 1100
1441,841 234 561 41 548 534 387 1098 1057 1101 1102 684 1099 1100
1442,234 41 387 561 841 534 1098 269 1101 548 1099 684 1102 1100
1443,234 41 534 561 1098 841 269 387 1101 684 1099 1100 1102
1444,1101 1098 1104 561 387 269 534 41 841 1103 1099 234 1100
1445,41 1104 841 387 1101 561 534 1098 234 1103 269 1099 1100
1446,1104 534 387 1101 1099 561 234 1098 841 41 1100 1103 269
1447,54 50 29 823 65 1012 825 31 1105 1011
1448,50 54 31 823 29 65 1012 825 1105 1011
1449,31 54 50 65 825 823 29 1011 1012 1105
1450,50 29 54 823 1106 825 31 1012 1105 1011
1451,50 54 29 1106 823 1012 825 1011 31 1105
1452,823 50 29 1106 54 31 1105 825 1011 1012
1453,61 881 749 1107 70 1108 1109 1015 1110 744
1454,61 881 70 1109 1107 749 1015 1108 1110 744
1455,61 881 70 1110 1109 749 1015 1108 1107 744
1456,61 1110 70 1013 1109 1107 881 1108 1015 744
1457,54 50 29 823 65 1012 825 31 1105 1011
1458,50 54 31 823 29 65 1012 825 1105 1011
1459,31 54 50 65 825 823 29 1011 1012 1105
1460,50 29 54 823 1106 825 31 1012 1105 1011
1461,50 54 29 1106 823 1012 825 1011 31 1105
1462,823 50 29 1106 54 31 1105 825 1011 1012
1463,61 881 749 1107 70 1108 1109 1015 1110 744
1464,61 881 70 1109 1107 749 1015 1108 1110 744
1465,61 881 70 1110 1109 749 1015 1108 1107 744
1466,61 1110 70 1013 1109 1107 881 1108 1015 744
1467,1111 6 1112 2 1113 1114 1115 17 21 1116 1117
1468,1111 1113 2 1114 1112 17 1115 1116 1117 6 21
1469,1111 2 1112 6 17 1114 1116 21 1117 1115 1118
1470,2 1111 1112 21 1114 17 1115 1116 6 1118 1117
1471,1111 2 17 1117 1116 1114 21 6 1113 1115 1112
1472,1111 2 1114 17 6 1113 1112 1115 21 1116 1117
1473,1111 2 17 6 1119 1112 21 1116 1117 1115 1118
1474,1120 1121 1122 216 1123 1124 1125 19 1117 10 1126
1475,1120 1121 19 1122 1124 216 1117 1123 1125 1126 10
1476,1120 1122 19 216 1124 1121 1125 1123 1117 10 1126
1477,1120 1124 10 1125 1117 1121 216 1123 1122 19 1126
1478,1120 1117 1122 216 1124 1121 10 19 1126 1123 1125
1479,1120 216 1121 1117 1124 10 1122 19 1125 1126 1123
1480,1120 1124 1121 1127 10 1125 216 1128 1117 19 1126
1481,1111 6 1112 2 1113 1114 1115 17 21 1116 1117
1482,1111 1113 2 1114 1112 17 1115 1116 1117 6 21
1483,1111 2 1112 6 17 1114 1116 21 1117 1115 1118
1484,2 1111 1112 21 1114 17 1115 1116 6 1118 1117
1485,1111 2 17 1117 1116 1114 21 6 1113 1115 1112
1486,1111 2 1114 17 6 1113 1112 1115 21 1116 1117
1487,1111 2 17 6 1119 1112 21 1116 1117 1115 1118
1488,1120 1121 1122 216 1123 1124 1125 19 1117 10 1126
1489,1120 1121 19 1122 1124 216 1117 1123 1125 1126 10
1490,1120 1122 19 216 1124 1121 1125 1123 1117 10 1126
1491,1120 1124 10 1125 1117 1121 216 1123 1122 19 1126
1492,1120 1117 1122 216 1124 1121 10 19 1126 1123 1125
1493,1120 216 1121 1117 1124 10 1122 19 1125 1126 1123
1494,1120 1124 1121 1127 10 1125 216 1128 1117 19 1126
1495,656 1129 23 157 954 35 1130 837 40 836
1496,23 1129 954 656 157 1130 35 40 837 836
1497,23 656 1130 1129 1131 954 837 157 35 40
1498,656 23 157 1130 40 954 837 1131 35 1129
1499,1129 1131 656 23 954 157 1130 40 35 837
1500,157 656 1130 1129 1131 40 837 35 954
1501,1130 656 1129 35 1131 157 23 954 40 837
1502,1130 23 1129 656 1131 954 157 40 837 35
1503,649 1018 1129 23 157 1130 954 40 35 837
1504,23 40 157 1018 954 649 1129 35 1130 962
1505,1130 23 1129 40 649 35 1018 962 954 157
1506,23 954 1129 35 1130 1018 649 40 157 962
1507,37 1020 838 1132 1133 276 164 156 392 1134
1508,37 392 1020 1133 276 838 156 164 1134 1132
1509,276 37 838 1020 392 1132 156 164 965 1134
1510,276 37 164 1020 156 838 1132 1134 392 965
1511,276 37 392 838 1020 1133 1132 164 156 1134
1512,276 1020 838 37 1132 392 1134 156 1133 164
1513,838 276 392 37 1132 156 164 1020 961 965
1514,838 37 1132 276 392 961 965 1020 156 164
1515,276 392 1020 37 1133 1135 156 165 164 961
1516,1135 276 392 1020 165 37 1133 164 961 156
1517,276 1020 1135 37 392 156 165 164 1021 961
1518,37 276 392 165 1020 1135 156 164 961 1021
1519,334 1136 721 315 455 1137 1138 1139 422 940 327 419 343
1520,482 654 477 472 473 491 859 480 78 121 667 239 865 149
1521,473 482 472 121 667 654 480 477 239 491 859 78 865 149 109 1140
1522,473 667 78 121 239 480 859 491 109 654 477 472 482 149 865 1140
1523,473 667 482 239 654 477 480 472 491 109 121 859 78 149 865 1140
1524,477 473 859 482 239 654 480 109 491 667 78 472 1141 865 121
1525,667 472 239 491 477 78 121 473 654 859 109 480 1141 865 482 1140
1526,473 667 654 482 491 477 472 121 480 78 149 109 859 865 239 1140
1527,477 472 654 482 667 78 491 859 239 480 473 149 121 109 865 1140
1528,109 121 482 859 78 472 477 667 239 473 491 654 149 480 865 1140
1529,477 149 109 482 667 473 121 472 859 78 654 239 1140 491 865 480
1530,121 667 477 472 473 482 865 480 109 284 859 491 654 149 78 1140
1531,667 473 859 472 865 482 121 109 477 78 654 284 491 149 1140 480
1532,473 472 667 477 491 482 865 109 859 654 480 149 284 121 78 1140
1533,477 859 667 482 473 865 121 472 109 284 491 654 480 1140 78 149
1534,486 484 490 1142 475 580 146 736 130 803 137 91 994 799 1040 663
1535,663 486 580 1142 475 490 803 130 484 146 137 736 799 994 91 1040
1536,1142 484 475 490 486 146 663 580 130 736 759 994 803 91 1040 137
1537,475 580 484 490 486 1142 146 736 130 137 663 994 759 803 91 1040
1538,484 580 475 663 130 129 486 490 759 736 1142 146 994 803 1143 1040
1539,475 580 484 486 129 146 663 736 490 1142 994 130 803 759 1143 1040
1540,475 486 663 484 869 799 1142 803 490 580 130 146 994 129 1143
1541,486 803 580 663 475 490 869 484 129 146 1143 1142 130 994 799
1542,580 486 490 129 146 484 130 1142 663 869 91 799 803 994 475
1543,580 129 490 486 869 484 130 91 799 803 1142 475 146 663 994
1544,490 475 130 484 580 663 869 436 91 146 731 1142 803 759 994 1040
1545,146 484 475 663 1142 869 580 490 731 803 130 436 994 91 759 1040
1546,663 436 731 484 130 475 580 994 799 803 490 146 869 91 1142 1040
1547,484 663 799 146 436 490 994 580 475 130 869 1142 731 91 803 1040
1548,227 234 221 108 1102 113 116 223 135 1136 112 430
1549,234 116 221 108 1136 113 227 135 1102 112 430 223
1550,108 221 227 113 234 1136 116 135 112 1102 223 430
1551,108 221 135 234 227 113 116 112 1136 1102 223 430
1552,135 234 221 108 227 112 1136 116 113 223 1102
1553,221 112 234 227 108 113 1136 135 116 1102 223 430
1554,221 1136 227 108 112 135 116 223 234 113 1102 430
1555,234 108 227 113 221 1136 112 135 223 116 1102 430
1556,221 234 112 108 227 116 1102 135 113 223 1136 430
1557,221 108 135 116 112 1136 234 227 223 1102 430 113
1558,135 234 221 112 108 227 116 223 1102 1136 113 430
1559,116 221 234 1136 227 112 135 1102 113 108 223 430
1560,108 221 223 116 1136 234 227 135 1102 112 113
1561,574 126 719 890 134 889 1144 132 232 231 884 1145
1562,719 574 890 889 884 132 1144 134 231 126 232 1145
1563,574 890 719 231 889 232 884 126 132 134 1144 1145
1564,890 126 574 132 719 889 232 884 231 1144 134 1145
1565,574 134 890 889 719 884 1144 132 126 232 231 1145
1566,574 126 719 132 889 884 134 890 232 1144 231 1145
1567,890 574 719 889 1144 126 884 132 134 232 1145 231
1568,134 889 890 719 1144 126 574 132 884 232 231 1145
1569,574 132 719 1144 889 232 890 134 126 884 231 1145
1570,574 890 719 889 126 1144 231 884 232 134 132 1145
1571,574 889 231 132 232 719 126 1144 890 884 134 1145
1572,574 719 890 889 132 126 134 232 884 1144 231 1145
1573,890 574 719 889 126 134 1144 884 132 232 340
1574,461 454 226 470 390 458 378 1051 425 872 422 334 466 901 384
1575,454 390 461 872 425 334 378 458 470 1051 901 226 422 384 466
1576,334 390 1146 425 461 454 378 872 470 226 422 384 1051 901 466
1577,454 378 390 461 1146 425 1051 470 384 872 901 422 334 466 226
1578,425 454 461 872 1051 390 470 334 226 378 1146 901 422 384 466
1579,454 461 1146 378 226 425 872 470 422 390 384 1051 334 901 466
1580,454 378 872 334 226 470 461 458 425 390 422 901 384 1051 920
1581,390 226 454 470 872 384 458 334 378 1051 461 901 425 422 920
1582,454 558 470 390 1146 226 378 872 334 1051 425 384 422 901 920
1583,470 390 454 226 334 378 1146 872 558 384 425 422 901 1051 920
1584,558 226 454 470 378 872 390 334 1051 458 384 425 901 422 466
1585,454 558 226 390 470 334 872 384 458 901 378 1051 425 422 466
1586,454 872 334 1146 422 390 378 461 470 226 425 901 1051 384 466
1587,390 454 461 226 378 1146 470 334 1051 901 872 384 425 422 466
1588,454 390 226 470 461 1146 872 378 334 422 1051 384 901 466 425
1589,390 461 226 454 378 1146 872 470 334 384 1051 901 422 425 466
1590,390 378 461 1146 334 454 226 872 425 1051 384 901 470 422 466
1591,470 872 454 226 1051 334 422 1146 384 461 378 390 466 901 425
1592,561 581 453 386 609 684 1147 712 424 1058 315 335 327 420 321
1593,581 609 561 712 453 1147 386 684 315 424 335 1058 420 321 327
1594,424 712 335 561 1147 386 609 581 684 1058 453 321 315 420 327
1595,712 581 609 561 684 453 386 420 1147 424 315 335 321 1058 327
1596,1148 684 386 609 561 581 453 712 424 335 1058 315 420 321 327
1597,386 561 453 581 712 609 1148 315 684 424 335 420 327 321 1058
1598,581 1148 712 609 386 453 561 684 335 424 420 315 1149 327 321
1599,581 561 386 335 609 684 1148 424 453 315 1149 420 321 712 327
1600,561 122 609 1150 453 315 874 386 581 424 1058 420 335 321 327
1601,1150 122 561 1147 609 453 315 424 581 386 335 420 1058 327 321
1602,581 453 316 1150 122 609 561 386 1147 424 315 335 420 327 321
1603,609 1147 453 581 1150 122 561 316 386 424 335 315 420 321 327
1604,581 381 561 1148 1058 424 684 609 386 335 327 321 420 315 453
1605,386 609 381 581 561 424 684 420 453 321 1148 1058 335 315 327
1606,581 561 1148 381 386 315 684 609 335 1058 424 327 420 321 1151
1607,581 1148 386 561 424 1151 684 381 609 335 1058 321 327 420 315
1608,381 609 581 1148 386 561 1104 453 315 424 321 335 327 1058 420
1609,581 386 381 1148 1104 561 335 609 424 453 315 321 1058 420 327
1610,677 571 511 526 680 507 610 508 524 383 505 793 767 516 771 439
1611,524 511 508 507 526 677 680 771 383 767 610 505 571 793 516 439
1612,505 524 1152 508 511 526 767 571 677 516 680 383 507 610 771 439
1613,511 508 677 505 507 524 680 767 516 383 610 526 439 771 571 1152
1614,524 526 532 508 507 511 505 243 767 571 610 677 673 516 439 383
1615,511 571 677 524 507 526 505 508 383 767 610 673 243 516 439 532
1616,511 507 767 508 571 610 526 524 677 673 383 243 505 439 532 516
1617,505 511 524 571 507 526 673 677 610 383 243 532 767 439 516 508
1618,680 505 511 383 507 767 610 677 793 560 508 771 439 524 571 516
1619,524 508 511 505 677 560 793 610 767 680 507 571 383 771 516 439
1620,511 507 767 505 571 677 680 560 524 508 610 532 793 516 383 439
1621,505 511 507 508 560 680 524 571 610 677 767 771 383 1152 439 516
1622,505 524 511 507 767 560 383 571 680 1152 677 610 508 516 439
1623,542 570 695 582 769 791 585 538 583 387 534 529 537 536 391 732
1624,769 695 582 570 537 538 583 529 542 791 387 536 391 534 585 732
1625,570 529 583 1153 695 769 585 582 513 534 537 542 387 538 817 1154
1626,582 529 534 583 1153 538 537 695 817 513 769 570 387 542 585 1154
1627,695 570 583 548 523 513 1153 534 529 538 769 582 817 585 387 1154
1628,582 769 1153 570 695 538 583 513 529 585 548 523 387 534 1154 817
1629,1153 769 387 523 695 529 538 570 513 548 582 534 585 1154 583 817
1630,582 585 570 769 1153 538 695 583 529 513 534 523 548 387 1154 817
1631,538 683 523 582 529 570 583 527 695 534 387 548 585 513 536
1632,529 527 538 570 583 695 582 683 534 523 585 548 387 513 536
1633,570 695 582 527 583 538 683 794 387 529 534 391 523 536 537
1634,583 582 695 538 794 534 570 523 529 387 527 391 683 548 536
1635,527 534 570 538 529 695 582 794 391 523 683 387 548 583 536
1636,24 275 40 1101 50 741 31 742 961 841 29 1130 65 844
1637,275 841 29 24 50 742 1101 40 1130 65 741 844 961
1638,24 275 841 742 50 1130 40 29 1101 741 65 961 844
1639,275 24 841 1130 1101 742 29 40 50 741 65 844 961
1640,24 275 1130 50 841 40 1101 29 741 844 742 961 65
1641,742 961 841 275 50 29 24 1130 65 741 40 1101 844
1642,275 841 24 29 1130 741 954 1101 65 50 742 961 844
1643,275 24 841 954 1130 742 29 65 50 1101 741 961 844
1644,841 275 1130 24 954 29 1101 742 65 50 741 961 844
1645,275 50 24 841 742 954 29 741 1130 65 961 1101 844
1646,24 275 841 1130 50 65 1101 741 961 742 29 954 844
1647,275 50 841 1130 24 1101 954 742 844 741 65 29 961
1648,841 29 24 1130 275 50 40 742 1101 741 961 65 844
1649,841 1130 741 24 742 1101 275 40 29 65 961 50 844
1650,275 1101 24 29 742 50 1130 40 65 844 961
1651,282 649 158 392 41 835 1155 280 281 1156 54 747 837 1014
1652,280 649 392 835 1156 158 54 1155 282 281 41 837 747
1653,649 41 280 282 1155 392 158 281 54 747 1156 835 837
1654,280 649 41 1156 158 282 392 1155 281 54 835 837 747
1655,282 41 649 280 392 1156 835 158 281 746 837 747 54
1656,649 41 746 392 1156 54 280 33 835 837 158 747
1657,280 649 54 33 1156 282 392 835 41 746 158 70 837
1658,280 54 392 41 649 835 1156 33 746 282 70 158 837
1659,282 649 280 835 392 41 1156 33 54 837 746 158 70
1660,649 392 280 835 282 158 54 746 41 33 70 837 1156
1661,392 280 649 835 41 1156 282 33 158 54 746 837 747
1662,280 649 41 835 746 158 33 54 1156 282 392 837 747
1663,41 649 280 835 282 1156 392 746 54 837 33 747 158
1664,280 649 41 392 746 837 1156 282 70 835 54 158 33
1665,280 392 41 649 282 158 54 33 70 837 746
1666,259 1157 1158 293 295 1159 1160 1161 402 1162 307 313
1667,1158 1161 1157 259 295 293 1160 402 1162 1159 313 307
1668,293 1158 1157 1161 1075 259 295 1159 1160 402 307 313
1669,295 1161 1160 293 1157 259 1075 402 1158 1159 313 307
1670,1157 1161 1158 1160 293 1162 402 295 259 1163 307 313
1671,1161 295 293 1160 1157 1158 259 1162 402 1163 307 313
1672,1157 1075 293 1161 1158 295 402 259 1159 1160 307 313
1673,1161 295 293 1075 1157 1158 1160 259 402 307 1159 313
1674,295 1158 1161 293 1157 402 1162 1160 1159 307 313
1675,1161 295 1158 293 1157 1160 1162 1159 402 307 313
1676,1072 1164 406 297 1165 1007 304 1166 1167 1168 1169 1170
1677,1072 1165 297 1007 304 406 1167 1164 1166 1168 1169 1170
1678,297 1072 1166 1164 304 406 1007 1165 1167 1168 1170 1169
1679,297 1072 1165 406 1166 1164 1007 1167 304 1170 1169 1168
1680,1164 406 1166 268 1072 1165 304 1167 297 1169 1168 1170
1681,1166 406 304 1164 1165 1072 268 297 1167 1169 1168 1170
1682,1072 411 297 1166 304 1167 1165 1164 406 1170 1169 1168
1683,1166 1072 1165 406 1164 297 304 1169 1167 411 1168 1170
1684,1072 406 304 1166 297 178 1167 1165 1168 1170 1169
1685,304 1072 406 297 1166 1165 178 1167 1169 1170 1168
1686,796 806 247 596 154 74 245 981 985 1171 738 100 861 95 600 816 763
1687,245 796 247 1171 596 154 763 74 985 95 738 981 100 806 816 600 861
1688,245 985 247 74 816 796 596 154 738 981 100 95 600 763 861 1171 806
1689,596 247 245 738 985 74 981 816 806 154 100 796 763 1171 861 600 95
1690,796 738 245 981 806 763 816 247 74 985 154 1171 100 861 95 600 596
1691,796 247 245 596 816 981 74 738 763 154 985 806 861 100 1171 95 600
1692,810 776 90 815 79 80 758 1172 601 782 1173 1174 972 437 103 604
1693,810 90 775 815 79 601 782 80 1172 758 972 604 1173 103 437 1174 606
1694,90 776 79 810 782 815 601 80 103 758 1173 1174 972 437 604 1172 606
1695,775 79 90 601 810 815 782 758 1047 1172 80 604 1173 103 1174 437 600
1696,810 776 815 90 1172 782 79 601 80 437 1173 1047 758 604 1174 600 103
1697,810 79 782 775 90 758 601 1172 1173 815 604 103 437 1047 1174 80 600
1698,255 258 588 997 1050 172 260 251 1077 302 295 259 306 402
1699,258 251 255 1050 295 172 997 588 1077 302 260 259 402 306
1700,172 258 588 1050 251 255 260 295 302 1077 997 259 306 402
1701,251 172 1050 588 1077 258 260 259 997 302 295 255 306 402
1702,1050 255 588 251 258 172 997 260 302 306 1077 295 259 402
1703,1050 172 997 255 258 251 588 302 295 260 1077 306 402 259
1704,251 260 1050 997 172 258 588 255 302 1077 306 295 402 259
1705,251 255 588 1050 260 1077 295 997 306 258 172 302 259 402
1706,251 255 172 1050 260 997 1077 588 306 258 295 302 259 402
1707,1050 260 172 997 258 302 251 255 588 295 1077 306 259 402
1708,1175 1176 176 174 1177 699 266 1072 1178 1079 876 1179 1180 179
1709,1176 699 1079 174 176 876 1175 1072 1179 1180 266 1177 1178 179
1710,1176 263 1079 174 1175 176 876 266 1072 1177 1179 1180 179 1178
1711,176 1175 266 174 263 1181 876 1079 1179 1176 1180 1072 179 1178
1712,1176 176 699 1181 876 1079 174 1175 1179 266 1072 1178 1180 179
1713,174 699 1176 1175 1181 1072 1179 1079 176 266 179 1180 876 1178
1714,1175 176 266 876 699 174 1181 1176 179 1079 1179 1072 1178 1180
1715,1181 699 266 176 1072 876 1176 174 1179 1180 179 1178 1175 1079
1716,699 876 176 1176 1072 1179 266 179 1175 1079 1181 174 1178 1180
1717,699 1181 1175 174 876 1079 1072 266 1176 1179 176 179 1178 1180
1718,1182 986 990 1183 1184 1185 1186 1187 1188 1189 1053 1190 1191 1192
1719,1182 986 1183 1185 1189 1188 1184 1186 1053 990 1187 1190 1191 1193
1720,986 1182 1184 1189 1186 1188 1183 1185 990 1053 1192 1187 1190 1191 1193
1721,1182 1189 1185 1188 1184 986 1053 1186 1192 1187 990 1183 1190 1191 1193
1722,986 1183 1188 990 1182 1186 1185 1189 1053 1184 1187 1192 1191 1193
1723,1182 986 1188 990 1185 1189 1186 1183 1187 1053 1184 1190 1192 1191 1193
1724,1182 1189 1183 1184 1185 986 1188 1187 990 1186 1053 1190 1192 1191 1193
1725,1184 1182 1188 1185 1183 990 1187 1189 986 1186 1053 1193 1190 1192 1191
1726,1188 1182 1183 990 1187 1194 1184 1189 1053 1186 1193 1190 1192 1191
1727,1182 1188 1183 1194 1187 990 1053 1186 1189 1184 1190 1193 1192 1191
1728,622 631 1195 212 623 624 1196 1197 1198 1199 1200
1729,1195 622 212 631 623 1198 1196 624 1199 1200 1197
1730,631 1199 1200 1198 1195 212 622 623 624 365 1196
1731,631 622 623 1199 1198 624 212 1200 1195 365 1196
1732,631 1195 622 623 624 1198 212 1199 1196 1200 1201
1733,1195 1198 631 1199 622 623 212 624 1196 1201 1200
1734,632 198 636 500 633 1202 1203 1204 359 1205 1206
1735,632 198 500 1203 359 1202 633 636 1204 1205 1206
1736,198 500 1203 636 632 633 1204 1202 359 1207 1205
1737,198 633 500 1208 636 1203 1202 1204 359 1205 1207
1738,198 500 1208 1203 636 633 1204 1202 359 1205 1207
1739,500 198 633 1204 636 1203 1208 359 1202 1205 1207
1740,500 633 1203 198 1208 636 1204 1202 1207 1205
1741,1209 1114 1210 1124 16 1123 1211 1212 1213
1742,1212 1209 1214 1114 16 1123 1124 1211 1213
1743,1124 1209 1212 1114 1115 1213 1123 16 1211
