1,2,3,4,5,6,7,8,9,10,11,12,13,14,15,16,17,18,19,20,21,22,23,24
0,1,2,3,4,5,6,7,8,9,10,11,12
0,5,1,6,4,2,7,9,10,3,8,11,12
5,4,2,1,0,7,3,6,10,13,14,12,11
0,2,6,4,3,5,7,13,14,11,10,12
1,0,10,2,7,5,15,6,11,4,9,8,12
2,5,0,4,6,7,8,10,1,3,12,11,9
4,0,7,6,1,14,2,5,11,13,12,3,10
6,0,1,2,7,5,4,3,11,14,12,10,13
16,17,18,19,20,21,22,23,24,25,26,27,28
16,19,20,22,17,21,26,18,24,25,27,23,28
20,21,22,19,26,17,25,18,29,30,24,31
19,20,17,16,26,22,21,18,25,29,24,30,31
20,16,19,17,28,26,18,21,22,23,24,27,25
21,22,17,26,28,18,20,19,25,23,16,27,24
16,20,21,26,17,22,18,29,25,31,24,30
21,19,17,16,20,26,18,22,30,24,25,31,29
32,33,195,35,36,37,38,39,40,41,42,43
32,195,37,38,33,41,43,36,39,35,40,42
33,32,39,37,36,43,195,40,41,35,42,38
43,37,36,33,39,38,41,195,42,40,35,32
33,42,41,32,38,39,37,43,195,36,35,40
43,37,32,39,38,195,42,36,41,35,33,40
37,39,32,195,41,33,42,36,35,38,44,40
41,38,42,37,44,195,32,35,33,36,39,40
45,46,47,48,49,50,51,52,53,54,55,56
45,48,49,53,52,46,54,51,50,55,56,47
51,50,47,49,45,53,48,54,52,46,55,56
50,45,47,49,48,52,53,46,55,51,56,54
45,48,53,54,57,50,49,47,46,55,52,56
45,49,53,50,57,47,55,46,48,54,52,56
52,56,49,45,53,50,48,46,54,57,494,55
45,49,52,56,53,50,494,57,48,54,55,46
59,60,20,61,62,63,64,65,47,66,67,68,69,70
61,59,64,47,20,60,63,62,70,68,66,65,69,67
20,61,47,67,66,62,60,63,64,68,59,70,69,65
63,20,62,70,65,59,66,64,60,68,61,47,69,67
20,64,60,71,66,62,61,72,63,70,59,65,67,69
67,60,20,62,70,66,63,59,71,61,69,65,64,72
47,67,20,59,66,63,62,64,73,69,61,65,60,74
20,66,63,61,47,74,60,67,62,69,65,59,64,73
61,20,64,60,47,62,66,74,69,75,67,59,73,63
20,61,60,63,62,47,64,66,74,73,69,75,67,59
60,64,63,61,66,59,69,62,20,74,67,75,47,72
20,60,61,62,66,63,59,64,74,47,75,69,67,72
20,66,64,63,62,61,67,47,76,60,72,59,75,69
60,66,62,63,20,64,67,47,61,59,69,72,76,75
36,77,78,79,80,81,82,83,84,85,86,87,88,89
77,36,83,81,86,79,85,82,84,88,78,87,89,80
77,84,88,79,83,78,89,85,81,82,80,86,36,87
77,36,78,88,81,84,80,79,89,83,85,86,82,87
81,83,78,77,86,88,84,80,79,36,89,85,82,87
36,77,83,85,86,78,84,81,79,80,87,88,89,82
86,36,81,84,79,88,80,89,85,90,78,82,87,91
81,36,79,91,86,80,90,88,85,87,84,82,89,78
36,78,88,89,84,77,80,85,81,86,79,82,87,91
78,36,89,91,79,86,77,81,82,84,85,80,88,87
77,91,78,86,85,84,89,88,36,80,82,79,81,87
36,77,88,89,85,86,91,81,79,84,80,87,78,82
81,88,91,36,89,82,77,78,80,92,84,86,79,87
91,81,36,88,92,78,77,84,86,89,80,82,79,87
93,94,7,59,95,20,96,97,98,63,66,64,68,84,47,99
63,94,7,95,96,66,98,93,59,99,68,47,84,20,64,97
20,94,63,93,95,84,68,7,96,59,47,66,98,97,99,64
95,20,94,7,84,63,93,96,66,98,97,59,64,47,99,68
94,20,59,7,96,63,98,84,99,68,47,95,64,66,93,97
7,95,94,63,59,20,84,98,47,97,93,96,68,66,64,99
94,63,95,84,47,98,7,97,99,59,66,68,20,93,96,64
7,63,20,94,96,64,84,66,95,98,59,93,97,47,68,99
95,63,7,94,20,96,97,66,98,93,68,84,64,99,47,59
7,66,94,95,97,63,84,20,59,93,96,98,47,64,99,68
94,95,97,47,7,66,84,98,20,59,63,93,96,99,68,64
100,70,101,36,61,102,77,103,86,81,104,494,105,106,107,108
81,36,103,101,106,102,105,77,100,61,104,108,494,107,86,70
77,81,102,494,101,108,61,100,36,103,70,107,104,86,105,106
77,100,81,102,101,61,494,36,86,103,105,70,106,104,107,108
81,36,61,103,100,102,86,494,105,101,106,77,107,108,109,104
109,36,81,103,102,61,101,86,107,104,77,494,106,105,108,100
101,36,81,100,109,494,61,102,105,82,103,77,110,86,104,108
102,103,81,109,100,110,61,86,105,101,36,77,82,494,108,104
81,61,77,105,101,36,109,86,111,110,494,103,82,102,104
101,102,36,110,77,105,494,111,81,61,109,103,108,82,104,86
101,36,77,110,61,105,109,112,111,82,494,81,86,113,108,104
114,59,115,116,60,117,118,26,20,119,120,121,47,122,105,123,124
115,116,114,117,20,60,121,119,122,47,118,124,120,26,59,123,105
115,20,117,59,116,120,118,60,119,123,124,122,114,121,47,105,26
115,60,116,117,20,118,119,122,120,59,26,114,121,105,47,124,123
20,26,117,118,60,114,116,119,115,121,120,123,124,105,122,59,47
60,26,118,116,20,117,123,119,122,124,121,120,114,47,115,59,105
115,59,119,60,122,117,20,121,116,26,118,123,124,47,114,105,125
119,118,20,121,115,122,60,123,117,47,105,124,116,59,26,114,125
117,126,20,26,118,115,59,121,60,47,109,119,122,124,120,114,123
60,124,59,126,115,121,117,120,122,109,20,123,119,118,47,114,26
122,115,117,26,123,120,20,114,121,119,47,126,60,118,59,116,124
116,115,119,60,20,122,121,118,120,26,114,47,124,126,59,117,123
26,126,123,115,114,60,119,118,117,59,122,120,20,116,47,124,121
114,59,117,119,116,115,26,123,121,120,126,122,20,118,124,47,60
117,115,20,59,47,118,114,121,119,60,26,120,126,127,124,122,123
117,26,121,114,124,20,123,60,122,126,119,127,59,118,115,120,47
123,126,115,117,127,119,26,122,124,121,125,47,20,60,59,114,118
117,59,20,60,26,115,127,122,126,124,118,119,121,47,125,114,123
128,129,130,7,95,494,81,131,132,133,134,66,135,136,68,137,138
128,129,133,135,130,95,81,68,494,136,131,7,137,134,66,138,132
128,95,130,494,129,138,133,134,7,131,81,68,66,132,135,136,137
128,130,131,68,133,66,494,136,7,95,135,129,81,137,138,132,134
128,130,131,68,129,95,136,7,133,135,132,66,494,138,137,134
128,7,133,131,95,130,129,136,135,494,137,66,138,132,68,81,134
128,130,66,7,68,133,138,129,494,135,95,136,131,134,81,137,132
128,95,7,130,68,136,133,129,494,135,81,137,138,66,134,131,132
128,131,68,130,138,139,494,133,81,7,66,135,129,137,134,132,136
130,128,131,7,139,494,129,135,138,133,66,81,134,137,136,132
130,131,133,128,7,129,66,95,135,140,81,138,132,68,134,494,137
130,140,128,129,131,95,133,134,81,7,135,138,494,137,132,66,68
130,7,95,68,128,66,494,131,129,134,140,138,141,81,132,135,137
130,131,68,128,95,133,129,81,494,132,140,137,66,7,135,138,134
81,138,134,130,140,494,7,129,128,137,142,66,132,133,131,68,135
134,142,130,140,133,129,128,66,135,494,81,137,68,131,7,138,132
128,130,134,66,131,140,7,133,142,143,81,494,132,129,68,138,137
129,130,140,131,137,81,134,128,138,66,142,133,494,7,68,143,132
144,134,145,66,67,112,107,146,64,61
144,64,145,66,61,146,134,112,67,107
61,66,145,146,112,64,67,107,134,144
61,134,66,146,112,145,107,64,144,67
145,107,64,61,66,134,146,144,67,112
64,61,146,144,107,145,66,67,134,112
61,145,146,67,144,107,66,134,64,112
145,61,144,107,64,146,66,67,134,112
61,67,107,146,64,112,145,134,144,66
64,145,144,107,146,112,66,67,61,134
145,64,66,61,134,67,112,144,107,146
147,84,86,88,89,148,149,150,68,151
86,88,147,89,150,84,149,148,68,151
86,88,68,84,150,149,147,148,151,89
149,86,88,84,147,68,150,151,89,148
88,86,149,84,89,148,68,147,150,151
86,147,84,149,88,89,148,68,150,151
89,147,86,84,151,148,68,149,88,150
86,88,150,89,147,149,84,148,68,151
88,84,150,89,152,68,86,147,148,149
86,152,88,147,84,149,148,89,150,68
152,149,86,150,88,147,84,89,148,68
119,153,154,155,156,157,84,158,114,47,60,159,68,160
153,158,47,119,155,159,84,60,157,114,154,68,160,156
153,158,154,114,155,47,60,159,157,84,119,160,156,68
114,84,119,153,155,160,68,157,156,154,158,60,47,159
153,60,154,157,84,159,155,160,114,158,119,68,156,47
157,155,119,47,84,159,160,153,114,158,60,154,156,68
119,156,60,84,47,68,159,153,158,154,114,157,160,155
119,158,114,84,68,160,60,153,155,154,157,156,47,159
153,114,119,47,158,157,154,160,60,84,156,155,68,159
153,60,155,154,84,160,156,119,159,114,68,157,47
119,60,155,154,84,160,153,157,68,114,47,156,159
114,153,84,68,157,154,119,155,160,60,156,159,47
155,154,119,157,114,84,160,60,47,68,159,153,156
153,60,154,114,160,84,47,155,156,119,159,157,68
154,153,60,119,156,155,47,84,159,114,160,157,68
161,135,133,36,105,494,162,163,129,164,107,165,83,166
162,83,36,133,494,165,135,163,129,161,166,107,164,105
165,161,162,36,133,164,105,494,135,163,166,129,83
83,165,133,161,36,162,494,163,166,135,105,129,164,107
162,133,161,165,135,36,167,164,83,129,494,166,107,105
165,129,167,161,135,162,166,36,494,83,164,107,105,133
165,161,133,105,167,162,36,107,494,164,129,135,166,83
162,161,494,129,167,36,164,165,166,133,135,83,107,105
166,167,162,129,36,83,168,494,161,107,165,105,164,133
161,167,494,36,164,83,165,129,107,169,168,166,105
165,129,161,494,83,169,36,167,164,105,168,107,166
494,169,164,167,161,83,36,168,129,165,166,105,107
165,169,161,36,167,129,83,166,168,164,107,105,494
161,36,165,83,167,129,169,107,164,494,168,105,166
169,165,129,161,494,167,105,36,168,164,166,107
271,6,171,172,173,60,174,175,176,5,177
176,171,60,6,174,173,172,175,5,177,271
6,5,175,174,173,271,60,171,172,176,177
271,173,177,5,172,6,176,60,174,171,175
173,271,5,177,172,6,178,60,174,175,179
174,6,177,60,271,172,179,175,173,178,5
174,5,173,172,60,6,178,271,177,175,179
173,174,5,177,271,6,172,60,179,178,175
173,271,174,172,6,175,5,177,171,22,60
173,174,6,271,171,60,172,177,175,5,22
180,181,3,182,26,183,184,185,186,187,188
3,188,186,182,184,180,183,26,185,181,187
184,180,3,188,182,189,26,186,181,183,187
184,3,183,26,187,181,180,182,186,189,188
3,184,183,188,190,191,26,180,181,185,186
188,184,3,190,183,186,191,180,185,26,181
183,180,184,185,190,3,188,186,181,191,26
26,183,184,3,180,181,190,185,191,186,188
183,3,188,180,184,185,26,182,181,186,187
184,187,26,188,183,181,186,185,3,182
192,193,271,1,171,174,194,195,196,197
1,171,194,193,195,197,192,196,174,271
194,271,192,1,193,171,197,174,195,196
193,194,1,171,192,271,174,195,197,196
193,194,195,174,198,1,171,197,271,196
271,171,193,1,198,194,195,197,174,196
1,193,271,171,194,198,195,174,196,197
194,271,193,1,171,198,195,174,197,196
115,199,32,173,200,201,49,202,18,203
115,32,200,49,199,201,173,203,202,18
199,115,49,200,173,32,202,201,18,203
199,115,32,202,49,173,18,200,201,203
32,204,201,173,115,49,205,202,203,18
201,49,32,173,204,115,18,205,203,202
204,115,205,32,173,49,18,201,202,203
173,204,32,18,115,201,205,49,202,203
206,207,84,208,57,209,210,211,212,7,213,214
84,207,212,208,57,206,209,7,210,213,214,211
212,207,211,210,209,206,7,213,57,208,214,84
208,209,212,206,207,210,57,7,84,213,211,214
207,209,210,208,206,7,212,57,213,211,84,214
207,210,213,206,208,214,7,57,209,211,212,84
206,207,212,57,210,208,84,211,209,213,214,7
209,7,210,206,57,208,211,212,207,213,214
208,206,210,7,207,211,213,214,57,209,212,215
57,208,210,7,212,209,214,207,213,211,206,215
207,7,212,211,214,206,57,213,208,209,210,84
206,212,207,84,208,210,57,211,209,7,213,214
206,212,57,210,207,7,211,208,209,214,84,213
211,208,57,207,209,210,206,7,214,212,84,213
175,216,26,61,217,218,219,220,113,221,222,223
217,221,175,61,216,219,220,222,26,223,113,218
61,217,220,26,219,223,216,113,175,222,221,218
217,175,220,221,219,26,61,113,224,216,218,223
61,220,26,113,221,217,175,224,219,223,218,216
216,217,218,175,61,220,219,26,224,221,113,223
219,217,222,26,61,221,220,113,216,218,223,175
222,216,217,219,218,221,113,223,26,61,175,220
217,26,219,61,223,113,224,221,175,218,216,220
219,220,61,217,221,224,113,216,26,218,175,223
175,219,61,217,218,216,26,220,223,113,221,222
216,217,220,175,26,222,113,221,61,218,223,219
216,224,218,26,219,221,175,217,223,61,65,220
61,217,221,224,175,218,219,26,216,223,220,65
193,225,226,211,271,227,228,194,37,43,229,192,230
227,193,228,192,37,226,229,211,225,230,194,271,43
37,211,226,225,228,229,227,194,271,193,192,43,230
193,227,225,271,192,228,211,37,229,43,194,226,230
227,193,225,231,229,271,226,211,194,230,37,228,43
227,228,194,231,211,229,271,225,193,226,37,43,230
225,226,228,271,193,231,37,211,194,227,232,229,43
193,231,228,271,226,227,211,225,232,194,229,37,43
227,231,225,228,194,229,193,271,211,226,37,230,43
227,194,225,211,228,231,229,226,230,271,43,193,37
229,227,231,193,226,211,228,37,225,230,194,43,271
227,229,194,225,193,228,271,211,226,231,37,43,230
226,229,193,192,227,194,37,271,228,230,43,211,225
193,228,194,192,227,225,230,271,43,229,37,211,226
174,233,234,235,1,236,237,48,238,239,50,240,32
236,239,233,238,235,240,32,174,1,50,234,237,48
50,1,235,236,32,239,48,233,241,240,237,174,238
241,237,236,48,239,233,174,235,1,238,32,240,50
174,238,235,242,1,239,233,240,32,237,241,50,243
238,233,235,1,237,241,242,239,50,32,174,243,240
233,238,241,236,174,32,235,1,239,237,48,240,50
241,236,239,1,235,237,50,240,238,32,233,174,48
235,238,174,32,1,239,173,242,240,244,201,50,243
1,244,239,238,235,240,242,174,50,32,173,201,243
244,239,241,174,32,1,242,235,50,243,173,238,240
235,1,244,240,173,50,174,241,238,32,239,242,243
235,244,242,239,241,32,173,240,50,1,245,174,238
239,174,238,235,1,241,244,50,173,32,242,245,240
246,247,248,249,28,250,11,251,252
246,250,11,248,247,28,249,251,252
249,246,248,250,247,11,252,28,251
247,250,246,248,11,251,249,28,252
253,247,249,246,145,251,28,11,252
11,247,251,253,246,249,145,28,252
253,246,249,247,145,11,28,251,252
254,255,256,257,258,259,260,261,262
256,259,255,254,258,257,262,260,261
259,258,256,254,257,255,261,262,260
149,254,256,255,259,257,262,260,261
149,257,262,254,256,255,259,260,261
149,260,256,261,259,255,254,257,262
263,149,254,256,257,260,262,261,259
262,263,254,149,256,259,260,257,261
264,265,266,192,267,268,269,270,271,225,208,194,171,98,272
192,225,266,194,267,264,208,269,171,98,268,265,270,272,271
266,225,267,192,265,208,270,269,194,98,264,268,273,272,171
269,192,208,268,264,265,273,194,225,270,266,98,272,267,171
264,268,194,171,225,272,208,192,266,267,98,265,270,271,269
264,208,98,194,271,267,266,270,192,272,225,171,268,265
264,267,269,272,208,270,194,265,171,266,192,271,268,199,98
192,269,264,270,265,194,98,171,208,266,272,267,268,271,199
208,267,264,266,199,194,265,269,268,98,273,192,270,171,272
264,225,268,274,192,265,194,98,271,269,270,208,267,171,275
276,277,278,279,280,509,282,283,60,284,285,234,132,173,286
278,277,280,276,173,286,282,285,509,279,283,234,284,132,60
278,276,277,279,287,509,286,285,280,173,283,60,282,132,284
277,278,280,283,276,60,287,286,285,282,279,509,173,284,132
277,283,60,278,282,173,279,286,276,280,285,284,509,287,132
287,277,278,286,276,279,173,283,282,285,280,60,509,284,132
276,282,278,280,288,283,60,284,509,286,279,277,173,287,132
276,278,282,284,60,279,277,280,283,234,173,288,509,180,132
283,280,279,278,276,288,282,60,277,180,284,509,234,173,132
283,509,276,280,285,173,278,279,282,286,289,284,60,290
291,292,293,197,35,294,295,221,112,296,180,5,297,298,213,299
291,5,293,35,221,296,297,298,292,295,294,197,213,112,180,299
5,180,291,296,294,293,295,221,197,298,35,297,299,292,213,112
291,294,292,297,5,221,293,180,296,35,299,295,213,197,298,112
291,294,5,297,221,296,197,292,293,35,298,180,295,213,112,299
294,291,292,5,180,298,296,293,297,221,295,197,112,213,35,299
291,294,292,298,293,5,213,197,296,180,221,297,299,295,112,35
291,293,298,294,221,213,297,180,197,292,5,35,112,296,299,295
5,300,213,180,291,294,297,35,298,221,197,295,293,112,299,296
183,172,301,302,207,86,26,303,182,304,210,223,21,150,305,306
182,210,207,172,302,26,183,21,86,301,303,223,150,305,304,306
21,172,207,182,183,210,301,26,86,302,305,304,223,303,150,306
182,172,26,86,305,183,301,302,223,207,210,303,21,150,304,306
183,21,182,207,223,302,307,301,210,26,86,305,172,304,150,306
207,302,21,182,172,223,301,183,305,304,26,86,150,306,210,307
183,207,182,26,307,210,308,172,21,302,86,223,150,304,309,306
182,183,207,307,21,302,210,26,172,223,86,308,150,304,309,306
26,302,21,210,207,183,307,86,150,308,172,223,304,309,306
310,311,312,8,313,314,315,316,317,318,319,320
312,315,313,316,311,310,8,318,314,319,320,317
312,315,316,310,313,8,321,314,319,318,320,322
312,315,8,310,321,314,319,318,316,313,320,322
312,315,311,319,310,313,8,314,316,317,320,318
310,311,315,319,314,316,312,8,313,317,320,318
318,314,312,315,313,321,8,319,310,320,316,317
313,310,314,8,315,321,319,318,312,316,317,320
313,315,310,314,311,8,318,317,316,312,319,320
313,314,311,310,315,318,312,316,320,8,319,317
320,316,317,315,314,313,8,318,321,310,319
314,310,313,8,318,316,321,315,319,320,317
323,324,325,326,327,328,329,330,331,332,333
323,326,332,324,325,333,328,327,329,331,330
329,325,324,333,323,326,328,332,330,327,331,334
323,324,325,329,327,330,326,328,333,332,331,334
323,324,329,328,333,332,325,330,326,331,327
324,329,328,332,330,333,325,323,326,327,331,334
325,329,323,332,326,333,328,324,330,335,331,334
323,324,330,325,332,326,328,334,331,333,329,335
326,325,323,329,332,324,331,330,336,334,333,335
326,323,332,325,324,329,330,336,333,334,331,335
323,325,326,324,328,331,332,330,329,333,335
323,326,332,325,324,328,331,329,330,333,335
337,244,338,339,116,118,340,153,341,342,343,344,115,345,368
338,344,153,368,116,244,337,118,340,342,115,339,343,341,345
338,342,244,344,116,341,339,115,153,343,368,118,340,345,337
338,344,368,341,244,115,340,153,116,118,339,343,342,337,345
244,118,115,339,344,343,340,338,116,341,368,153,337,342,345
338,344,115,116,368,345,337,153,343,244,118,339,342,341,340
344,341,342,244,338,116,153,118,340,368,345,339,115,343,337
338,115,368,340,341,116,118,343,244,342,345,339,337,344,153
344,338,115,341,244,339,153,116,347,340,368,118,342,343,345
115,244,118,116,368,338,340,339,344,343,153,342,347,341,345
339,244,115,337,342,368,344,341,338,153,343,118,340,116,345
116,338,343,115,368,244,342,344,341,340,153,339,337,345,118
341,339,345,338,153,244,343,116,344,340,115,118,342,337,368
344,118,341,115,244,153,337,338,368,342,116,345,343,339,340
341,118,339,116,344,115,342,337,338,244,343,340,153,368,345
118,342,244,116,337,340,339,115,341,338,344,368,343,153,345
158,348,349,350,117,351,130,121,165,131,352,353,354,136,95
353,351,130,131,348,165,350,158,95,121,117,354,136,349,352
353,130,121,158,95,350,349,348,354,131,165,351,117,136,352
130,121,351,349,353,350,165,158,95,348,354,131,117,136,352
351,121,349,131,353,130,350,165,348,158,117,95,355,136,352
353,130,158,131,117,351,350,349,95,348,121,136,352,355,165
117,351,350,121,353,130,158,131,95,349,354,348,165,136,352
350,95,117,131,353,351,121,158,348,130,349,354,356,136,352
351,348,131,121,95,117,158,136,352,130,350,349,356,353,354
117,158,131,136,130,95,121,350,348,356,349,354,351,353,352
130,351,95,350,352,131,158,356,348,121,117,349,136,353
350,131,353,130,121,136,117,349,95,348,351,158,356,352
353,350,121,130,158,351,131,348,95,356,117,349,352,136
121,351,130,350,357,158,353,95,352,136,349,131,348,356
348,353,357,121,351,131,158,130,350,165,349,136,95,352
351,131,348,130,350,353,121,349,357,158,95,136,165,352
358,279,359,360,37,274,361,271,362,193,227,363,364,365,195,366,223
227,274,37,358,195,359,366,193,361,362,363,364,279,360,365,271,223
274,227,279,367,360,271,363,37,366,362,359,193,361,364,358,223,195
274,358,279,364,360,367,193,363,362,359,361,195,37,271,227,366,223
193,359,227,279,363,367,37,362,274,361,366,358,195,360,364,223,271
193,274,227,358,363,362,195,359,364,279,271,367,37,361,360,366,223
193,358,227,359,37,363,362,361,367,279,368,274,366,195,223,364,360
360,358,361,274,193,37,279,364,362,227,359,368,195,367,363,366,223
193,227,362,366,271,359,369,367,364,360,37,195,279,363,361,370,223
366,369,271,364,361,227,360,37,367,279,370,362,195,363,223,359,193
369,358,227,271,366,195,364,193,360,37,371,279,362,361,365,223,372
362,361,279,365,193,371,358,364,369,366,195,360,227,271,372,223,37
244,49,269,50,373,225,374,207,289,238,375,121,376,377,378,137,235
269,244,374,373,378,121,377,289,375,50,225,49,376,238,235,207,137
244,225,207,375,238,378,374,377,49,376,269,289,121,50,373,137,235
269,225,378,375,207,244,376,374,377,49,238,289,50,235,373,121,137
289,244,269,121,374,49,238,376,373,225,378,50,375,207,228,377,379
225,244,373,269,378,289,374,238,376,50,49,228,375,121,377,207,379
244,289,377,269,238,228,373,378,374,376,49,50,225,207,375,379,121
269,289,376,373,244,228,377,378,374,49,207,375,225,238,50,379,121
378,238,373,380,269,289,377,381,382,81,376,207,7,374,228,49,137
380,381,373,378,289,238,49,228,376,374,137,382,269,207,377,7,81
49,7,380,115,289,381,235,382,383,50,373,374,207,137,378,377,376
380,376,115,289,7,378,377,373,207,235,49,381,383,374,382,137,50
384,385,342,386,192,133,387,267,388,389,390,236,43
386,389,390,342,133,267,387,384,192,43,236,388,385
386,391,387,388,192,384,236,385,342,267,43,133,390
384,391,386,388,236,385,192,342,133,267,390,387,43
392,236,391,387,385,342,386,388,267,192,390,43,384
385,236,388,386,384,391,342,267,392,387,43,390,192
384,393,267,390,389,392,236,342,192,43,385,387,282
387,192,393,384,385,236,392,389,267,390,282,43,342
236,390,393,384,394,192,386,387,392,389,267,342,43
394,387,267,386,192,392,384,390,389,342,393,236,43
390,267,236,192,395,394,393,282,391,396,392,43
397,398,399,2,338,400,341,94,401,402,226,403,48
341,2,399,397,338,398,48,400,402,94,226,401,403
399,404,402,338,2,405,400,341,397,398,403,48,401
400,341,399,2,398,397,403,338,404,401,48,402,405
400,2,397,399,406,407,405,401,398,234,338,48,404
338,399,406,405,2,398,234,407,404,397,401,48,400
398,399,2,408,400,94,406,405,407,265,98,234,48
400,398,408,406,234,399,94,2,407,98,265,48,405
398,94,2,226,409,397,400,124,98,402,406,245,408
406,398,402,397,400,124,2,408,245,94,98,226,409
400,402,409,265,410,338,124,341,98,226,404,245
283,411,167,94,59,47,412,64,63,67,413,414,415,98,416,316
283,167,94,98,412,67,411,63,415,64,413,47,416,59,414,316
283,94,411,167,413,47,98,59,64,415,416,412,67,414,63,326
94,411,283,59,67,412,167,47,63,326,415,413,414,98,64,416
283,94,416,411,64,98,413,412,167,415,63,59,414,47,67,326
283,94,64,416,413,63,98,411,412,167,415,59,414,47,326,67
283,94,167,416,154,412,47,414,67,415,98,59,417,413,64,316
283,412,64,59,413,98,416,94,67,415,417,154,47,167,414,316
412,416,167,413,415,283,47,94,59,98,414,64,67,154,417,326
94,283,154,47,64,167,59,416,67,417,98,413,412,415,414,326
412,94,283,413,411,47,415,98,63,64,167,67,59,416,316,414
412,167,94,416,59,98,414,64,411,415,283,47,413,63,67,316
283,94,411,412,415,167,98,63,67,59,413,416,326,414,47,64
283,412,59,413,94,415,411,416,167,64,67,414,326,47,98,63
47,59,412,67,418,414,64,98,419,167,415,63,411,416,413,316
67,167,98,64,412,418,59,413,154,63,419,316,414,415,47,416
412,419,59,420,98,64,63,416,415,47,167,154,414,413,67,326
128,36,81,421,422,86,155,423,106,114,323,88,424,425,132,101
81,36,128,114,423,422,101,106,425,86,88,323,155,421,132,424
423,422,101,86,88,421,81,425,128,424,323,36,114,106,132,155
128,114,36,86,155,88,101,425,422,106,132,81,323,421,423,424
36,128,86,155,422,81,114,425,323,423,88,421,101,106,132,424
128,155,36,88,101,81,114,421,424,323,422,86,106,425,132,423
81,36,323,86,155,423,128,426,427,101,114,428,429,421,88,494
101,36,128,114,426,323,155,423,86,81,421,494,427,429,428,88
128,86,423,427,36,88,426,421,101,428,81,323,429,114,425,155
425,128,36,101,423,81,155,86,421,323,428,427,429,114,88,426
128,86,155,101,36,422,81,425,323,114,428,423,88,421,426,429
128,81,36,422,425,101,155,88,86,429,114,426,423,428,421,323
155,244,36,101,86,421,422,428,106,425,114,81,323,88,423,429
155,244,422,86,36,81,114,425,428,101,421,106,88,429,423,323
155,101,36,114,423,244,422,421,81,428,429,88,323,426,425,86
155,422,36,428,81,86,244,114,421,426,323,423,494,101,429,88
81,88,86,36,145,101,155,244,114,323,429,426,428,494,421,423
20,430,266,431,7,66,83,432,26,397,28,433,434,61,295,107
432,397,433,61,430,431,266,20,26,434,66,7,83,295,28,107
20,431,430,432,266,61,295,433,26,397,434,7,83,66,107,28
430,431,266,61,433,397,20,432,7,83,26,28,434,66,107,295
162,397,266,431,61,430,7,20,432,435,26,70,66,295,28,107
61,162,20,70,266,397,430,28,26,7,66,432,431,435,107,295
20,266,66,397,61,162,7,431,432,430,28,26,295,434,70,107
162,20,61,7,266,432,397,26,430,66,431,28,434,295,70,107
397,430,431,162,266,26,432,20,61,66,7,83,295,28,434,107
431,61,397,266,7,66,430,432,162,20,83,434,295,28,26,107
431,266,432,430,7,61,26,20,436,433,83,66,435,28,295,107
61,26,433,431,430,266,66,83,432,7,20,436,295,107,28,435
20,83,397,66,295,434,433,432,266,61,7,107,431,26,28,430
397,266,431,26,433,61,66,432,295,83,28,20,7,430,434,107
266,431,432,66,437,26,295,436,61,107,7,430,20,434,83,28
431,61,437,430,66,266,436,83,7,432,26,20,295,434,107,28
266,158,431,26,61,20,295,436,432,7,434,66,430,438,28,107
338,439,84,65,74,62,440,441,89,442,443,111,444,82,134,329
439,443,442,440,65,84,329,338,89,74,82,134,441,111,444,62
442,439,65,440,338,443,111,82,74,62,84,441,134,444,89,329
443,439,84,338,440,442,89,74,111,65,62,82,441,134,329,444
443,439,440,442,84,338,74,82,62,65,441,111,89,134,445,444
338,84,442,439,74,443,111,62,440,65,445,89,134,82,444,441
440,74,84,442,439,338,443,111,89,445,62,444,441,134,65,82
439,338,440,89,111,74,62,443,65,445,442,84,441,134,82,444
443,440,338,442,111,74,84,439,68,89,445,441,444,134,65,62
440,338,74,442,65,68,439,441,111,443,84,444,89,445,62,134
65,442,440,439,338,84,111,93,89,445,444,74,441,446,68,134
439,338,440,441,442,446,93,65,111,68,444,89,84,134,74,445
446,338,447,442,89,93,440,111,441,444,84,65,74,82,329,134
447,446,442,440,338,111,84,93,74,134,82,89,441,65,329,444
93,338,447,442,65,134,446,111,74,441,448,84,89,329,444,68
338,447,448,442,84,74,446,89,65,134,93,111,441,444,68,329
162,446,447,448,111,93,74,84,442,89,65,82,441,134,445,444
227,193,391,367,364,369,267,279,388,386,2,360,384,371,385,358
386,391,2,371,364,384,369,360,279,358,193,385,367,227,388,267
267,193,227,358,384,385,371,369,360,391,2,386,364,388,279,367
386,388,267,391,2,385,371,227,358,369,193,360,279,367,364,384
358,386,267,227,193,369,384,365,360,385,2,364,279,391,371,388
386,2,369,193,371,391,267,358,279,227,364,384,365,388,385,360
386,193,358,384,360,385,227,393,369,267,279,364,365,371,2,391
369,360,386,227,267,391,385,193,365,371,384,393,2,358,279,364
369,267,393,193,371,227,360,367,384,2,364,358,279,385,391,386
358,369,360,385,227,193,371,393,267,391,384,279,386,2,364,367
267,371,393,364,358,2,360,227,449,193,391,384,385,369,383,279
227,369,193,371,391,360,267,449,383,385,393,358,279,364,2,384
227,386,193,364,369,358,371,267,391,410,279,367,393,360,450,451
227,391,267,369,364,386,393,360,358,193,451,371,450,279,367,410
227,193,267,364,371,360,386,452,410,393,358,391,369,385,279,367
369,193,385,364,358,386,367,360,267,393,391,371,279,227,452,410
399,381,400,238,397,7,378,274,269,373,389,398,387,244,374,406
406,398,389,269,274,387,244,7,373,400,378,381,238,399,397,374
389,269,398,406,244,387,400,399,373,397,238,274,5,381,7,378
269,389,274,5,7,387,238,398,381,406,397,244,378,373,399,400
406,397,225,115,387,274,389,398,400,269,244,5,373,378,399,7
399,115,406,400,269,389,244,373,274,387,5,398,7,378,397,225
269,115,389,244,398,359,387,397,225,406,274,374,399,7,378,400
115,374,225,437,397,406,274,399,400,453,378,7,269,244,387,398
225,269,399,398,274,397,115,406,380,437,7,453,374,400,378,395
397,274,115,406,7,380,398,269,399,225,400,374,453,437,378,395
400,7,115,341,380,225,274,399,206,387,398,397,389,374,269,373
269,389,274,225,397,399,7,115,374,400,341,380,387,373,398,206
400,373,389,225,387,374,341,398,399,397,454,206,380,7,269,274
225,399,400,398,269,274,387,380,389,206,397,373,7,374,341,454
244,400,398,274,397,269,387,359,374,206,389,406,7,399,225,238
274,399,387,238,400,269,397,398,7,374,359,206,225,406,244,389
430,397,433,411,59,61,167,283,64,266,36,20,432,431,412,94
36,283,59,397,61,167,266,433,430,431,94,411,20,412,432,64
94,283,266,20,167,431,397,36,430,412,59,433,432,64,61,411
94,433,59,431,167,20,266,283,430,36,411,397,432,61,64,412
430,431,433,36,283,61,64,411,397,59,167,20,94,455,412,266
283,430,167,397,20,266,431,411,61,94,36,433,64,59,412,455
94,20,412,283,167,432,397,430,411,36,64,59,266,162,431,61
283,397,411,431,430,432,94,36,167,162,64,412,59,266,61,20
397,283,411,94,20,432,59,412,61,439,167,431,162,430,64,36
397,412,94,439,431,283,36,430,433,432,20,167,61,59,64,411
431,20,439,397,94,167,61,64,59,36,412,411,283,433,430,432
411,432,36,397,430,94,431,20,412,167,59,283,439,61,433,64
439,94,283,20,437,36,59,397,411,64,431,432,167,430,412,61
397,411,439,437,94,61,64,20,431,283,412,430,36,167,59,432
397,411,94,20,437,430,412,61,431,64,36,439,432,244,59,167
20,64,167,439,244,94,437,431,430,61,36,432,397,59,411,412
431,430,411,244,94,437,61,397,64,439,36,167,456,457,20,59
422,458,101,338,128,63,155,443,86,93,84,111,440,81,428,442
338,111,422,458,128,442,440,443,155,63,84,81,101,428,93,86
443,458,440,338,422,84,93,63,128,86,111,428,155,81,442,101
128,155,93,101,338,458,443,81,440,422,442,63,111,84,428,86
338,155,440,128,422,458,111,81,93,63,101,443,442,86,84,424
155,440,422,442,338,63,128,101,86,81,458,84,424,443,93,111
419,155,86,458,442,111,93,446,338,422,63,440,424,128,81,84
446,128,93,422,338,155,424,458,440,419,111,442,81,63,86,84
458,81,417,338,84,128,93,442,446,424,422,419,440,111,86,155
422,458,128,442,417,111,459,338,419,93,446,155,84,86,81,424
458,459,417,424,338,128,419,422,93,111,155,81,446,84,86,442
128,111,458,338,417,93,446,442,459,81,84,163,424,419,422,86
128,338,84,458,111,424,459,442,93,443,81,86,419,422,155,417
442,338,86,111,101,417,422,155,458,443,128,459,424,81,93,84
446,101,442,154,458,459,128,338,84,81,111,155,86,93,424,417
154,128,446,111,338,86,84,459,458,417,81,424,155,101,442,77
155,428,338,442,459,128,86,458,446,417,111,81,101,154,84,93
341,460,121,120,20,342,244,461,448,462,156,383,63,97,434
341,383,342,120,448,460,63,20,434,121,461,156,244,97,462
244,383,342,448,63,156,121,20,97,461,434,341,120,460,462
342,120,63,341,97,448,20,383,462,461,156,121,434,460,244
244,383,20,63,460,461,448,434,463,120,121,462,342,97,156
342,97,448,63,460,20,121,244,156,461,120,383,434,463,462
383,448,342,464,244,461,97,20,460,156,121,462,120,63,434
342,120,244,97,461,20,383,464,460,448,121,63,434,156,462
448,460,342,383,463,156,462,128,20,461,121,97,63,120,434
383,20,463,448,460,156,63,342,128,461,462,97,434,120,121
383,342,465,63,341,462,20,121,156,460,434,97,448,461,120
448,342,383,465,341,121,63,156,461,20,97,120,434,460,462
20,461,448,63,383,464,120,156,121,465,136,342,462,97,434
443,7,436,117,351,98,36,466,441,467,68,66,131,118,468
443,36,117,131,436,68,351,7,466,118,98,441,66,467,468
117,351,36,443,98,131,7,118,68,436,467,441,466,66,468
117,351,466,66,131,7,36,436,68,443,467,98,441,118,468
117,36,351,7,466,469,66,443,98,436,468,103,441,131,68
117,7,351,131,443,98,103,36,436,68,469,66,468,441,466
449,431,466,351,7,435,98,36,68,469,467,117,66,131,468
117,449,431,466,7,469,66,351,467,98,131,435,68,36,468
98,470,117,351,7,440,100,441,468,107,66,103,469,36,466
98,351,117,36,100,440,470,469,468,441,66,7,103,107,466
117,98,470,351,100,471,7,469,36,107,440,467,441,468,466
351,470,7,117,98,100,107,469,36,467,440,468,466,441,471
107,7,449,100,118,98,117,36,411,468,66,472,473,474,431
266,115,338,153,114,26,475,59,84,476,116,404,368,137,122,477
115,266,338,475,114,404,368,26,153,122,116,59,84,477,476,137
404,338,122,115,153,478,266,26,475,368,59,114,137,476,84,116
266,478,404,338,115,475,368,26,153,84,59,122,476,137,116,114
115,266,338,478,404,26,476,153,475,368,139,114,59,137,84,122
338,266,478,115,404,114,153,59,475,368,26,139,137,84,122,476
266,338,116,478,153,475,479,114,59,93,84,137,122,368,26,476
266,93,479,475,116,338,478,59,84,114,26,476,368,153,122,137
338,266,26,475,84,122,167,153,116,93,114,133,59,368,476,137
84,338,368,153,116,266,475,26,122,59,93,167,133,476,114,137
480,59,116,26,476,368,115,338,481,137,482,477,153,475,122,84
480,338,476,116,153,482,59,122,481,137,475,477,26,84,368,115
480,368,475,26,477,59,84,122,482,116,153,483,476,93,114,137
94,155,458,119,391,130,95,134,47,81,129,164,445,138,165,379
391,119,155,94,95,130,165,458,81,129,47,138,445,379,164,134
130,155,81,138,158,129,445,95,94,458,164,134,47,119,379,165
158,94,165,458,155,119,130,129,445,95,47,138,164,134,379,81
130,458,94,129,81,155,95,138,158,119,165,134,445,47,164,379
94,119,95,155,134,458,158,47,81,129,445,138,165,164,130,379
158,392,119,130,134,81,138,484,129,155,95,445,165,47,164,379
119,484,158,95,129,165,392,445,134,130,47,138,155,81,164,379
119,158,155,392,129,439,165,47,164,81,134,130,95,138,445
130,165,392,81,439,129,138,95,47,119,158,155,445,134,164
158,165,392,439,129,134,138,47,130,164,81,163,95,135,445
392,47,95,165,158,130,164,129,81,163,445,138,439,135,134
484,119,130,457,134,158,164,165,155,95,392,47,81,129,379,445
338,7,96,413,84,119,114,244,397,98,120,155,485,414,457
397,119,338,84,96,413,414,114,457,7,120,155,244,98,485
198,244,397,338,485,119,120,7,96,84,114,414,98,413,457
244,119,7,198,120,397,338,413,485,84,96,114,414,98,457
397,119,244,198,96,84,338,7,114,120,98,414,457,485,413
244,119,98,338,413,198,114,7,397,485,96,84,457,120,414
7,244,96,119,413,198,338,415,440,84,414,98,120,485,457
244,98,7,96,198,415,414,485,413,119,440,84,120,338,457
283,437,442,129,448,167,61,426,64,113,132,68,486,428,104
283,167,442,437,448,132,68,129,64,61,428,113,486,426,104
437,442,283,167,113,129,68,448,61,104,428,64,132,486,487
442,283,428,132,448,486,61,64,437,487,113,129,68,104
61,437,283,442,167,448,428,129,132,64,107,106,486,113,104
283,437,442,167,61,448,106,113,129,107,132,428,64,486,104
128,488,428,129,426,64,113,167,132,104,61,437,436,486
129,64,488,436,486,128,132,113,428,167,489,61,104,437
153,266,63,351,94,20,47,66,443,434,115,95,26,160,490,59,491
94,351,434,266,443,115,153,59,491,63,95,26,47,66,20,490,160
94,153,95,443,266,63,351,66,434,26,47,20,59,492,115,490,160
94,153,115,63,443,351,66,95,59,266,20,492,47,26,434,160,490
153,20,115,94,266,443,66,97,351,59,95,160,63,47,490,26,434
266,443,26,115,59,94,351,20,63,47,66,97,153,490,434,160,95
266,20,443,115,411,63,153,95,60,66,26,47,490,59,491,160,434
20,443,115,153,63,60,160,266,47,26,59,434,95,411,490,491,66
36,439,100,464,70,101,81,165,435,130,493,494,105,495,103,496,497
36,81,130,165,439,101,100,105,70,495,493,494,464,435,496,103,497
36,70,100,439,498,165,130,496,464,81,101,494,497,105,103,435,495
36,100,439,464,165,498,130,101,494,435,81,70,496,495,105,497,103
70,100,464,439,165,105,133,112,130,494,53,495,81,498,497,496,435
70,130,439,133,165,100,53,496,494,105,435,498,81,464,112,495,497
130,36,165,422,105,439,479,431,100,435,70,497,496,494,81,495,112
422,431,165,130,494,36,479,439,105,70,496,435,100,495,81,112,497
274,387,394,94,279,192,267,5,213,171,212,499,500,268,271,172,275
267,387,394,268,171,5,212,500,172,279,275,94,192,274,499,213,271
267,500,279,394,212,94,192,274,273,213,387,172,171,268,275,499,5
387,267,274,268,212,192,394,172,94,273,499,500,171,5,213,275,279
394,271,274,278,172,387,5,279,268,212,500,213,171,192,275,499,101
279,499,212,192,271,275,278,5,387,268,172,101,213,500,274,171,394
278,394,268,501,192,246,271,375,502,279,94,275,213,5,499,387,171
501,278,192,375,271,387,94,268,394,502,5,246,275,279,499,171,213
2,275,212,192,501,278,268,5,246,94,209,271,375,279,86,503,213
268,2,209,501,94,192,212,278,275,375,279,5,246,271,86,503,213
2,212,209,279,500,5,504,192,268,172,271,501,101,171,503,505,275
268,501,279,2,192,500,504,171,212,505,172,209,271,5,503,101,275
268,394,2,172,274,267,192,171,94,271,275,5,212,279,500,506
274,394,271,192,267,500,94,5,279,171,2,172,268,212,506,275
394,279,5,267,268,274,271,192,101,212,500,275,213,387,171,172
172,192,394,212,101,387,267,5,500,279,274,171,268,275,271,213
274,209,212,171,278,387,192,268,172,279,5,101,507,273,213,500
217,419,508,181,180,509,289,382,510,174,276,410,81,511,512,223,513
410,289,508,419,510,174,276,181,511,223,382,81,513,509,217,180,512
410,510,509,276,289,382,508,217,81,181,174,512,419,511,180,513,223
510,410,382,217,508,289,174,276,511,180,509,419,223,513,81,512,181
510,289,217,511,174,410,382,508,276,509,180,513,223,514,181,249,419
510,289,174,217,410,508,276,514,181,249,509,180,513,382,223,419,511
382,515,510,516,174,410,217,276,513,180,511,512,419,223,514,517,181
510,217,516,276,382,277,509,511,410,174,419,223,514,513,512,180,181
277,217,174,291,223,276,510,382,204,509,513,512,59,61,410,516,419
277,516,174,410,510,513,509,382,276,223,217,512,59,419,291,61,204
508,277,410,174,276,382,291,81,419,513,217,200,518,512,509,181,223
508,276,382,217,291,277,518,174,410,200,419,81,509,512,181,223,513
382,510,410,276,217,508,180,519,181,419,174,513,512,289,517,520
419,217,510,289,382,517,410,174,276,508,180,181,512,513,519,520
517,174,289,510,513,410,180,217,181,382,276,508,223,291,419,512
382,510,291,180,181,410,174,513,419,512,223,289,508,517,276,217
410,217,266,518,174,419,276,382,204,508,291,521,509,181,513,223
398,522,225,386,244,523,6,269,207,524,3,525,526,11
386,244,269,522,225,525,523,524,207,6,398,526,11,3
386,525,398,523,269,244,524,225,6,522,11,207,526,3
525,526,225,386,398,11,207,244,3,523,6,269,524,522
493,386,525,225,526,398,523,6,244,207,524,11,522,3
398,386,493,244,523,522,225,6,524,525,3,526,11,207
3,523,493,244,282,225,398,525,6,522,524,207,11,526
525,282,225,6,244,493,523,398,526,3,522,524,11,207
6,244,398,525,523,527,282,98,225,524,221,528,11,3
525,6,528,225,398,244,282,221,3,527,524,98,11,523
528,225,526,398,525,523,3,6,221,282,98,244,524,11
398,244,98,6,525,523,528,225,282,3,221,526,11,524
386,225,6,244,437,269,523,398,207,3,522,524,526,11
386,398,207,225,522,3,437,6,269,526,529,11,244,524
398,269,437,244,285,6,282,526,529,11,524,522,207,3
282,269,398,437,529,522,244,207,11,524,285,6,3,526
269,285,398,244,529,6,11,522,433,207,524,282,3,526
433,282,285,244,269,6,398,11,529,524,522,3,526,207
199,338,280,530,531,397,184,532,361,401,283,533,22,28
283,338,530,280,22,397,533,532,401,184,531,28,199,361
532,530,534,283,361,280,16,205,535,184,533,22,401,536
280,283,16,361,534,184,532,533,535,205,401,22,530,536
537,535,530,16,538,532,280,205,534,533,361,176,184,539
534,205,537,16,532,280,538,530,361,535,533,184,539,176
16,537,530,540,532,534,1,361,184,538,533,535,539,176
540,537,16,1,532,184,534,361,535,530,538,176,533,539
540,532,205,537,361,530,534,19,16,531,536,176,401,533
534,16,205,540,532,537,401,530,361,536,19,531,533,176
16,205,397,532,184,537,361,531,540,530,176,539,541,401
540,397,401,537,16,532,205,184,531,541,530,361,539,176
397,283,1,280,532,184,338,531,401,361,533,530,176,28
280,338,283,532,535,1,530,397,361,28,184,176,401,533
283,280,534,542,199,543,535,184,538,530,176,533,536,361
542,280,199,283,534,361,535,530,543,533,184,538,536,176
542,361,0,535,537,544,459,538,545,28,179,199,533,546
0,199,459,544,537,361,542,535,179,28,533,545,538,546
383,266,448,244,477,342,20,391,63,475,115,116,153,341,404,7
391,341,244,448,342,383,153,266,404,115,20,477,475,63,7,116
244,341,383,342,266,391,20,153,115,475,404,167,7,448,116,63
391,383,266,341,115,475,116,448,244,153,7,20,342,167,404,63
383,391,63,404,448,244,341,342,115,167,153,475,266,7,116,20
342,244,391,115,383,116,404,475,448,341,266,20,167,63,153,7
383,342,244,475,391,7,448,404,266,153,341,116,477,20,115,63
341,115,342,266,391,63,244,404,153,7,20,448,475,116,383,477
115,266,391,341,63,383,244,20,7,477,153,116,448,404,342,475
341,115,391,266,448,153,244,342,383,7,20,475,63,477,116,404
244,20,391,341,266,7,383,448,153,133,116,135,63,342,477,115
465,351,493,439,130,98,155,119,440,338,392,36,100,121,139,165
458,443,100,130,121,36,119,155,94,351,338,95,165,117,98,440
338,458,119,351,128,443,155,165,36,100,94,440,98,130,95,121
100,458,351,94,128,338,119,121,443,440,95,98,36,155,130,165
119,338,94,155,440,443,128,351,121,100,458,98,130,36,165,95
128,155,94,338,443,458,130,98,36,165,121,440,351,119,95,100
94,458,128,155,351,443,440,119,100,130,98,121,165,338,157,139
128,458,338,351,100,121,155,94,98,130,440,165,443,139,119,157
338,458,36,94,119,130,155,351,443,128,440,165,139,98,100,121
458,338,443,121,94,100,165,128,130,155,119,440,98,139,351,36
128,94,155,119,165,458,130,443,440,338,100,121,547,464,36,139
244,94,338,266,119,351,7,443,153,397,63,20,115,74,415,163
351,153,94,244,119,397,415,266,338,20,443,163,7,115,74,63
397,266,63,7,153,443,338,94,20,548,115,244,415,351,119,163
94,397,266,244,443,119,115,63,415,20,548,351,153,338,7,163
266,153,244,94,119,351,163,397,338,115,7,63,415,20,548,443
119,153,20,244,7,115,443,397,63,548,338,163,266,94,351,415
20,338,443,266,244,397,119,155,63,7,94,351,115,129,548,153
397,338,20,266,115,63,94,119,155,244,351,7,129,548,153,443
155,244,338,153,115,266,548,443,549,94,63,411,397,7,119,20
115,20,7,94,155,338,266,119,549,153,548,443,244,411,397,63
283,437,493,114,439,448,442,113,100,101,36,167,130,464,70,165
283,36,437,439,442,448,100,101,130,165,464,167,493,114,113,70
464,439,283,550,479,165,70,167,113,114,448,437,130,442,36,100
283,464,550,442,439,448,114,36,479,100,130,70,113,167,165,437
283,100,550,130,437,167,442,165,448,36,114,479,439,464,113,70
437,431,283,439,130,114,479,448,464,442,165,36,100,167,113,70
442,479,130,36,283,437,439,448,70,464,165,167,431,114,113,100
442,437,439,431,479,100,113,114,283,130,36,448,165,167,464,70
167,165,431,283,422,479,130,439,442,100,437,448,114,36,70,113
283,165,100,422,437,479,114,431,130,36,439,113,442,167,70,448
269,394,267,386,387,525,244,274,279,398,225,500,212,523,268
386,225,387,267,244,274,269,394,279,212,525,268,523,398,500
269,386,387,274,212,437,244,225,279,529,398,268,394,500,267
387,269,437,274,267,394,398,279,386,244,500,268,529,212,225
387,437,267,398,274,551,225,279,386,268,552,394,523,269,212
551,437,386,394,212,274,398,268,267,523,269,225,552,279,387
386,551,387,268,269,523,398,394,212,274,437,279,199,552,267
269,437,394,267,387,386,268,398,279,212,552,274,551,199,523
500,387,437,274,212,225,267,279,551,268,269,386,523,398,394
274,398,437,551,269,500,267,394,386,225,268,387,279,523,212
529,500,398,269,274,387,268,437,267,225,386,394,551,279,212
394,268,387,274,386,279,269,551,529,225,212,437,500,398,267
386,268,267,279,387,437,212,500,274,398,394,551,225,269,529
387,268,551,386,279,274,225,437,267,398,500,529,269,212,394
386,387,269,437,267,500,244,225,274,394,398,553,279,529,268
269,274,267,394,268,553,437,387,225,244,500,398,386,279,529
387,267,279,430,398,269,274,553,268,386,225,394,437,244,500
274,398,244,225,552,268,267,269,386,437,279,387,553,394,430
280,217,283,285,278,289,382,410,510,338,532,276,531,397,174
280,289,285,532,278,410,276,382,283,338,397,217,510,174,531
289,278,276,283,217,382,280,397,532,338,285,510,7,531,410
397,382,289,278,410,7,532,280,283,510,531,217,338,276,285
289,217,278,2,280,397,285,382,7,535,338,510,532,283,276
289,510,278,382,535,338,397,283,280,532,285,276,217,7,2
289,209,283,532,280,382,397,338,2,278,217,1,7,276,535
280,278,397,209,382,283,7,217,289,532,338,276,535,1,2
209,276,217,289,410,397,7,382,278,280,338,532,531,285,283
209,338,280,397,276,289,382,283,531,410,278,7,532,285,217
397,289,217,338,283,278,535,280,209,1,276,382,532,174,410
397,338,217,382,280,410,276,278,289,283,532,174,209,1,535
338,397,278,280,276,283,554,382,289,217,209,542,410,535,174
280,283,338,217,289,542,397,174,410,276,382,554,209,535,278
280,338,410,531,283,382,510,542,289,276,397,217,554,174,278
338,382,397,278,410,289,510,276,217,280,542,283,174,554,531
280,410,397,531,217,542,285,382,283,338,276,508,7,510,289
276,278,217,531,280,7,542,283,285,338,410,289,397,382,510
398,265,236,382,359,244,194,48,271,2,525,206,272,195,269,225
382,225,206,194,269,236,244,398,359,525,265,2,272,195,271,48
206,194,2,525,398,555,271,225,244,382,269,265,195,359,48,272
555,398,525,225,359,271,244,382,265,2,195,206,269,272,194,48
244,269,194,225,525,265,236,195,398,206,2,382,271,359,272,48
265,206,382,269,236,525,398,195,225,271,244,2,194,48,359,272
225,382,269,206,195,525,194,265,373,272,268,244,2,398,48,271
269,398,2,525,244,225,206,195,272,268,373,194,265,48,271,382
398,382,386,528,244,525,271,225,373,236,194,195,2,272,48,206
398,244,225,271,206,386,382,236,2,528,373,195,194,272,48,525
194,244,386,410,398,272,225,48,528,206,555,382,525,359,195,271
528,555,206,398,48,386,382,525,195,194,410,225,359,272,244,271
386,206,398,225,437,382,528,268,410,271,194,272,359,48,195,380
280,381,509,387,283,49,362,371,276,173,338,282,556,216,275,557
280,362,381,49,276,282,338,371,509,283,387,556,216,173,275,557
173,387,338,280,381,216,362,283,509,276,49,371,282,486,275,557
280,49,371,387,276,282,173,283,216,381,486,362,275,509,338,557
387,397,280,49,362,338,276,283,173,216,371,556,509,381,69,275
283,216,280,509,371,387,397,556,49,362,381,338,276,173,69,275
283,381,397,173,276,371,338,556,558,362,49,387,216,509,557,275
338,216,362,283,387,276,397,275,556,173,49,558,509,381,371,557
387,381,283,173,371,559,216,556,49,338,362,276,397,558,69,560
283,397,173,362,387,559,556,381,371,49,338,276,560,216,558,69
338,387,362,280,381,397,173,559,216,276,561,556,69,562,560,49
387,362,397,280,381,173,216,561,276,49,556,559,338,69,562,560
216,556,199,338,173,557,276,559,397,387,280,561,362,275,563,49
267,193,361,360,192,264,212,209,274,94,499,98,96,171
274,171,192,361,264,212,94,98,499,267,209,193,360,96
212,267,192,274,209,264,361,94,98,193,360,499,171,96
264,267,212,192,171,360,94,499,96,274,209,98,193,361
267,510,94,171,274,192,212,96,264,499,360,193,522,361
267,264,274,192,360,361,499,94,193,510,212,522,171,96
508,192,510,274,171,361,94,264,522,212,193,499,360,96
499,193,264,274,361,212,171,192,510,508,96,94,360,522
361,212,274,264,267,94,171,499,193,360,96,98,394,234
274,193,212,360,361,267,394,234,499,98,96,264,171,94
274,267,264,212,193,394,94,171,241,361,499,96,98,564
267,264,274,394,361,499,171,94,212,193,96,98,241,564
212,508,289,193,360,394,565,361,94,566,96,171,522,241
278,217,402,207,4,208,279,523,374,81,284,266,567,286
402,279,217,523,567,208,266,278,4,374,286,207,81,284
217,402,4,284,523,279,278,266,286,208,374,81,207,567
402,208,266,4,279,278,81,286,284,567,217,523,207,374
279,207,402,266,217,278,4,204,523,567,208,81,284,5
266,523,204,279,278,217,208,402,81,207,4,567,5,284
266,538,279,278,207,217,204,402,208,567,115,4,81,374
266,538,207,217,115,402,567,204,278,279,208,4,374,81
266,479,279,568,217,399,374,204,569,567,402,115,207,538
279,266,217,115,402,204,374,568,567,479,538,207,569,399
277,279,115,479,201,204,217,399,567,568,538,374,569,207
374,279,204,399,277,201,207,217,538,568,567,569,115,479
217,479,115,277,201,570,571,399,174,284,374,572,573
269,386,192,274,244,437,206,398,410,267,225,212,264,193,382
386,193,274,264,269,225,192,437,244,410,398,212,206,267,382
244,193,225,274,269,264,206,386,500,398,437,192,267,212,410
225,410,244,269,274,267,192,386,398,500,206,193,437,264,212
386,244,225,212,269,274,500,193,206,410,398,525,192,267,264
386,267,244,525,269,192,193,398,274,212,225,500,206,264,410
269,2,525,267,225,398,500,244,192,212,264,206,274,193,386
244,225,267,269,398,274,500,2,212,193,206,525,386,192,264
2,244,274,225,212,264,206,386,192,398,500,267,525,193,269
266,387,397,283,216,278,279,115,381,362,556,338,280,217,402
397,266,278,387,115,280,381,283,216,556,217,279,362,338,402
278,217,266,362,283,201,279,387,115,280,381,216,397,556,338
278,217,266,283,381,280,362,556,279,397,115,201,216,338,387
283,280,115,362,217,278,556,266,381,387,216,201,397,158,279
397,283,362,216,266,387,280,278,158,217,201,115,381,279,556
362,387,280,338,397,283,266,217,216,278,381,115,279,201,574
278,338,381,266,115,217,216,397,280,387,283,574,279,362,201
387,280,217,381,216,397,338,115,362,283,266,278,279,201,574
193,406,338,575,363,576,577,578,579,580,385,37,358,581
338,580,578,576,577,363,193,358,406,579,385,37,575,581
575,358,577,579,576,385,580,578,193,37,338,363,406,581
580,579,575,358,577,338,363,193,576,406,578,385,37,581
580,577,578,193,575,579,358,576,338,363,394,406,37,581
577,193,363,406,578,575,576,580,394,358,338,37,579,581
577,193,579,576,394,406,575,578,338,363,580,358,59,581
37,575,406,578,577,363,193,394,580,582,576,408,579,581
575,577,363,579,394,408,358,37,580,578,406,193,576,581
358,579,577,193,580,394,37,575,576,408,578,363,406,581
577,193,37,358,408,363,394,583,580,575,579,576,578,581
579,583,358,580,363,577,575,37,193,576,408,394,578,581
580,575,579,394,578,358,338,193,406,577,363,37,581
577,358,193,575,394,363,579,580,338,37,406,578,581
580,577,579,578,358,193,394,575,583,363,37,338,581
577,394,578,575,193,579,363,580,37,583,408,358,581
358,577,580,37,193,394,408,578,575,579,583,363,581
577,579,193,580,358,575,578,408,584,394,37,363,581
244,341,585,225,586,344,399,499,587,389,588,589,590,591
499,588,341,589,587,399,244,585,586,590,225,344,389,591
341,586,344,399,244,225,588,587,590,585,589,389,499,591
344,341,244,585,399,225,588,228,586,499,587,389,590,591
225,341,389,587,588,244,344,399,228,499,585,590,586,591
389,225,341,228,244,344,587,399,588,586,590,585,499,591
228,344,341,244,225,389,115,399,587,499,590,588,585,591
344,225,228,399,115,244,341,592,389,499,590,588,587,591
389,587,399,344,228,340,341,225,592,499,244,115,342,591
244,399,587,344,228,389,340,588,225,592,341,499,115,591
341,399,344,586,587,499,588,228,225,244,389,340,585,591
344,244,225,586,389,588,341,228,499,585,340,587,399,591
389,399,228,244,499,341,344,588,587,225,340,586,591
228,587,341,244,225,389,115,588,399,344,340,499,591
225,244,115,341,588,389,499,228,399,340,344,587,591
228,244,225,115,588,344,399,499,587,389,340,341,591
244,115,588,587,225,499,389,228,344,590,341,399,591
399,244,225,499,587,228,590,115,389,588,593,341,591
216,282,516,594,4,595,289,531,596,528,292,277,223,597,171
289,277,516,171,282,596,4,216,597,531,528,594,223,292,595
282,277,528,216,289,531,597,516,595,171,4,292,223,596
216,277,4,516,528,289,282,171,597,292,223,595,531,596
282,289,277,595,171,216,597,596,223,528,516,531,4,292,594
4,595,289,171,528,531,277,516,223,282,216,594,597,292,596
289,516,4,277,171,531,282,216,528,597,223,255,595,292,596
595,289,171,516,4,528,277,531,597,216,282,292,596,223,255
277,216,4,595,528,597,531,289,516,282,223,596,171,594,112
277,528,516,289,595,531,596,4,282,597,594,171,223,216,112
4,516,531,596,277,528,289,216,597,171,282,223,595,598,112
277,4,289,531,595,171,528,596,282,516,597,223,598,112
17,504,300,545,544,409,535,599,600,601,602,213,301,200,496
17,504,599,601,409,535,600,544,200,300,496,602,545,301,213
17,409,200,504,301,545,600,599,496,300,601,602,544,213
17,504,601,602,300,200,600,544,545,409,301,213,599,496
600,409,504,602,601,300,599,544,17,496,200,603,535,301,213
600,300,409,544,496,599,504,601,17,535,602,301,603,200,213
600,300,544,599,409,504,17,496,602,213,200,535,603,601,150
544,17,504,409,600,599,601,602,300,535,213,603,200,496,150
17,409,599,544,300,504,600,496,535,601,213,602,200,545,150
544,17,600,535,504,409,300,601,200,602,599,213,545,496,150
602,409,504,213,601,599,535,600,544,545,496,300,17,200,150
600,409,599,602,535,601,544,496,17,545,300,504,213,200,150
269,209,279,525,212,387,604,386,192,398,266,267,268,172,605,523
387,386,525,279,398,267,266,269,268,172,212,604,523,192,209,605
269,192,386,398,212,523,604,266,387,525,268,172,606,267,209,279
386,269,267,279,192,212,604,268,387,525,523,398,266,606,209,172
267,192,209,268,266,386,525,398,387,269,604,279,212,523,607,606
269,267,387,279,386,604,398,268,192,209,266,523,525,605,212,607
387,386,192,267,604,398,269,266,209,523,268,605,525,298,212
269,386,209,268,192,523,525,604,267,398,266,279,387,212,298,605
209,279,387,267,398,269,268,192,604,525,386,542,172,266,606,212
269,387,604,266,525,279,192,267,398,386,172,212,209,542,606,268
525,398,387,269,386,192,266,604,172,279,212,267,268,542,605
269,398,386,279,525,523,267,192,172,387,604,266,212,268,605
387,192,604,269,386,267,525,523,266,279,268,212,398,172,606
386,279,398,523,604,266,267,525,212,192,269,387,268,172,606
2,280,508,338,532,510,537,181,276,501,265,608,511,609,566,563
276,265,280,501,511,508,608,510,2,338,537,532,181,609,566,563
508,2,501,608,181,532,511,338,537,280,510,609,265,276,453,566
537,2,276,508,511,181,501,280,532,510,566,608,338,609,610,265
276,501,508,265,338,511,608,2,280,566,532,510,181,537,609,610
608,537,501,510,276,511,2,265,532,566,181,610,280,508,338,609
276,510,508,280,566,265,2,231,537,608,181,609,532,338,501,610
280,609,231,508,510,338,537,265,566,2,501,563,608,181,532,276
608,280,566,2,508,537,265,501,611,276,510,338,231,181,563,609
501,276,338,608,265,609,611,280,510,537,231,566,2,563,508,181
280,510,608,338,508,265,276,291,609,612,529,2,566,501,563,181
508,529,338,501,608,2,265,510,609,291,612,280,566,181,276,563
2,280,276,265,511,338,510,609,529,612,566,508,608,501,181,247
508,608,511,280,2,510,265,276,612,338,501,181,453,609,566,529
193,267,386,2,225,394,360,279,274,269,212,499,359,525,275
267,269,2,274,193,225,279,394,360,386,359,212,499,525,275
267,386,274,269,2,394,212,279,225,525,360,499,193,359,275
267,193,212,2,269,386,279,225,359,394,274,499,525,360,275
2,269,267,212,274,499,279,386,359,525,225,360,193,394,275
2,394,279,212,267,193,225,360,386,269,499,274,359,525,275
2,267,274,269,394,193,386,525,279,499,360,225,212,308,275
2,267,225,269,193,274,525,279,394,275,212,386,360,499,308
525,386,267,2,394,274,359,193,499,279,212,225,269,360,275
2,193,386,267,212,225,269,394,525,279,499,360,274,359,275
193,269,2,279,274,212,562,267,225,360,394,499,275,525
269,193,225,279,212,267,2,274,613,525,360,499,275
193,269,212,274,279,359,613,267,499,225,0,360,275
193,212,2,359,279,269,360,274,613,225,267,499,0,275
371,277,410,566,265,238,381,4,217,367,614,278,374,615,569
367,277,278,371,4,238,265,374,614,381,217,410,566,569,615
277,265,381,278,367,371,4,410,238,614,374,217,566,569,615
278,381,4,277,367,371,410,265,217,238,614,566,374,615,569
4,238,278,371,614,277,410,265,367,381,217,374,616,569,615
265,367,278,217,381,277,371,614,410,238,616,374,569,615
614,278,217,410,277,371,4,381,374,367,265,454,615,566,569
278,410,381,371,374,217,454,367,614,4,265,277,566,615,569
277,614,4,410,371,381,566,278,265,217,374,367,454,569,615
410,278,614,277,374,217,4,265,566,381,371,454,367,615,569
238,265,4,277,278,566,381,410,367,614,371,5,617,569,615
614,367,278,277,265,617,5,238,381,371,566,4,410,569,615
367,371,410,278,381,614,4,217,265,566,277,615,569
367,278,265,277,381,410,371,614,217,374,4,569,18,615
618,619,620,621,622,623,557,624,625,626,627,628
621,557,618,620,622,619,623,624,626,625,628,627
619,618,622,620,557,624,623,628,625,626,627,621
619,620,621,618,622,557,624,625,626,623,627,628
619,618,620,557,622,623,624,621,625,628,626,627
618,619,557,622,624,620,628,623,621,626,625,627
619,618,622,629,621,630,625,623,624,628,627,626
619,621,618,630,629,622,628,623,625,627,624,626
619,618,622,629,630,621,624,627,623,625,628,626
619,629,618,621,622,627,624,623,625,628,630,626
38,631,632,633,513,634,635,636,637,638,639,640
631,38,513,633,638,637,634,632,636,639,635,640
38,513,631,632,637,638,633,634,635,641,642,643
38,513,637,633,631,638,632,635,642,634,641,643
38,513,644,637,632,635,634,638,641,639,645
38,513,637,638,644,632,634,635,636,639,645,641
513,38,631,637,633,635,632,634,636,638,642,640
38,513,634,637,632,633,635,636,642,638,640,631
38,513,631,637,634,632,638,633,635,639,636,640
38,513,637,631,633,635,632,638,634,639,636,640
269,398,244,387,171,523,271,209,525,225,172,216,401,303,275
387,269,523,209,525,172,398,271,303,275,225,244,171,216,401
398,646,225,269,244,171,216,209,525,387,172,271,303,275
387,269,216,244,209,271,398,523,171,225,275,172,646,525,303
244,398,171,525,387,269,523,225,172,209,271,303,216,646,275
271,225,209,269,398,172,525,387,303,523,244,171,646,216,275
269,225,525,209,398,216,244,523,387,172,271,171,646,275,175
269,398,387,525,172,171,244,209,216,225,271,523,175,275,646
398,271,525,171,303,387,216,269,209,523,244,225,275,172,646
269,225,387,525,398,271,523,303,275,209,216,244,172,171,401
171,269,271,225,398,523,209,244,387,525,275,401,172,303,216
216,269,244,398,172,171,525,275,209,225,271,523,401,303,387
387,244,398,209,525,225,271,269,303,275,523,172,216,401,171
171,244,398,525,225,269,387,275,172,216,523,303,271,209,401
338,532,200,199,410,280,608,537,522,510,273,560,197,545,181
280,537,532,338,545,199,522,410,608,510,560,200,273,181,197
537,545,338,199,510,532,410,181,273,522,280,560,197,200,608
537,410,280,522,532,545,200,338,510,197,608,199,273,181,560
338,410,532,537,200,510,522,280,199,559,545,181,608,197,560
559,338,522,280,537,532,410,199,200,510,545,181,560,608,197
280,537,608,510,532,410,560,199,545,522,200,338,559,197,181
510,181,532,200,197,545,559,410,522,199,537,280,608,647,338
280,537,285,559,608,522,181,510,545,410,532,338,200,513,197
608,181,280,510,537,338,410,200,559,197,522,532,285,513,545
559,522,532,338,537,280,410,197,285,510,560,545,181,608,200
537,280,510,338,285,560,522,559,545,608,197,532,410,181,200
537,338,410,280,510,285,603,560,559,532,181,608,204,197,522
537,280,510,559,522,410,532,338,181,603,285,197,608,560,204
244,217,280,35,267,382,394,338,597,289,172,5,605,398,282
280,244,217,5,338,394,282,289,267,605,597,382,172,35,398
398,267,338,289,217,280,394,172,597,5,382,35,282,244,563
289,398,280,244,394,5,267,172,217,338,597,35,282,563,382
244,217,289,280,398,382,338,172,605,5,267,394,597,282,35
267,280,398,289,244,5,597,217,338,172,382,605,35,282,394
280,289,398,382,5,267,244,217,597,35,394,338,282,605,172
280,289,267,244,382,338,172,597,35,605,394,282,217,5,398
280,217,382,282,244,289,597,394,267,5,172,605,338,398,35
280,267,289,217,172,338,5,398,282,382,597,605,244,394,35
282,338,289,597,217,382,244,267,172,280,398,5,394,35,605
289,280,244,267,398,5,597,394,282,338,217,35,605,172,382
534,604,528,608,266,409,617,614,516,181,375,21,214,610,496
528,266,604,614,409,375,534,617,608,496,516,610,21,181,214
604,528,409,534,266,375,610,614,617,608,516,21,181,496,214
604,516,266,610,528,534,375,409,617,181,614,214,21,608,496
528,375,266,604,409,298,617,610,21,614,534,516,214,531,496
528,604,531,266,516,617,375,21,610,298,614,496,534,409,214
375,528,614,617,214,534,298,531,266,604,516,496,409,21,610
266,375,528,604,617,21,610,298,516,409,614,534,531,496,214
648,375,534,528,298,266,409,531,649,617,504,214,614,610,496
534,617,266,528,504,298,614,531,375,409,496,610,648,649,214
617,528,648,409,650,614,534,214,298,266,375,504,308,649,496
534,648,266,528,614,375,617,608,409,308,649,298,504,496,214
4,171,410,509,544,225,279,602,60,529,173,511,197,216
279,410,225,171,60,509,602,511,4,544,529,216,173,197
410,544,602,279,529,225,171,4,173,60,216,511,197,509
544,511,4,279,225,60,171,216,173,529,410,197,509
544,529,173,4,279,225,171,602,216,410,511,197,60,509
279,60,225,171,173,511,4,410,544,602,509,529,197,216
410,511,529,126,173,4,225,60,509,544,279,197,171,602
410,126,279,225,4,544,171,60,509,511,529,197,173,602
4,279,225,410,544,126,171,509,60,197,602,511,529,173
279,171,410,225,602,173,60,544,197,509,511,126,4,529
595,1,200,182,273,291,542,545,446,174,651,223,307,599
595,273,1,545,291,200,446,174,182,599,542,651,307,223
595,599,542,174,1,651,273,307,291,200,182,446,545,223
595,599,542,307,200,273,1,174,545,446,291,223,651,182
652,599,307,595,542,446,1,291,182,174,223,273,545,200
542,200,599,595,652,291,545,174,446,307,182,1,273,223
599,273,1,595,652,542,223,291,446,200,182,174,307
1,542,174,446,291,595,603,599,223,200,273,182,307
291,653,603,446,182,599,1,200,595,223,174,652,273,307
174,653,223,603,599,273,182,1,291,652,595,446,200,307
285,226,192,174,286,270,271,194,96,401,374,216
270,285,192,194,401,226,286,271,374,174,216,96
401,270,192,271,285,216,226,174,374,194,286,96
271,286,192,174,285,194,401,270,374,96,226,216
194,192,285,286,271,226,401,216,174,270,374,96
271,285,194,374,270,226,192,401,174,96,216,286
174,401,271,285,270,226,374,192,286,216,194,96
192,271,285,174,270,286,226,194,216,374,96,401
285,194,374,270,192,286,401,271,226,216,174,96
285,194,270,192,374,226,286,174,96,216,401,271
1,237,200,273,654,522,655,561,402,5,6
273,200,1,522,237,402,561,655,5,6,654
402,5,655,273,561,1,237,6,522,18,654,200
402,1,655,5,237,561,273,522,6,18,654,200
273,655,402,561,1,5,200,237,18,6,522,654
402,1,561,522,655,273,237,5,654,18,200,6
1,273,18,561,237,402,655,522,6,200,5,654
273,237,1,402,18,6,655,200,5,561,522,654
237,1,561,6,654,402,18,522,655,273,5
237,273,402,561,1,655,522,6,5,654,18
267,269,398,289,192,268,244,382,387,94,523,209,225,525,386,212
386,289,209,212,267,398,269,225,525,244,387,382,268,192,94,523
244,267,225,192,269,387,382,525,94,398,289,212,268,523,386,209
225,267,523,386,192,398,94,209,269,387,525,244,289,268,212,382
267,269,192,212,289,209,656,398,382,387,225,386,244,94,523,525
289,386,387,212,244,209,225,267,382,94,525,269,656,398,192,523
525,656,225,386,212,192,209,387,289,267,244,382,529,269,94,398
525,289,387,386,212,529,225,269,244,656,382,209,267,192,398,94
269,386,289,387,192,94,525,267,529,656,244,209,212,225,382,398
386,192,209,525,269,529,244,267,212,656,94,289,398,382,387,225
212,244,398,289,267,387,269,382,94,525,386,225,454,209,268,192
267,387,269,386,94,225,244,398,212,525,289,382,209,454,192
225,289,212,387,525,386,192,398,454,267,657,209,269,244,94
269,387,289,192,209,267,225,212,398,386,94,244,525,529
280,397,510,501,532,537,500,276,285,410,217,278,608,338,291,419
278,280,276,410,510,397,608,500,501,532,537,285,101,338,291,217
276,397,278,419,280,510,285,500,410,532,501,531,537,217,338,658
532,280,500,501,276,510,419,285,531,410,537,278,397,658,659,437
608,532,280,419,276,410,278,510,500,658,659,501,397,437,285,537
280,410,510,285,608,276,501,537,278,534,659,532,500,658,437,419
280,510,537,532,278,410,276,534,500,658,285,501,608,217,437,419
278,280,534,285,500,276,537,410,510,608,437,532,501,217,101,658
537,437,285,532,500,531,397,278,510,410,287,280,419,276,217,501
537,410,397,276,280,278,510,437,419,287,217,501,531,285,500,532
397,500,278,537,510,419,285,338,276,280,531,501,532,217,410,291
280,537,501,510,285,278,397,410,217,531,419,532,338,276,291,500
537,500,397,278,217,419,2,511,608,437,276,280,501,285,510,532
510,276,500,501,285,2,217,397,537,278,511,532,608,280,419,437
266,36,433,68,413,411,431,147,660,153,64,66,661,418,61
266,411,413,36,431,418,61,147,66,64,68,433,153,661,660
433,266,153,418,661,411,660,66,413,431,68,61,36,64,147
411,433,436,431,153,413,36,418,266,61,66,64,147,661,68
266,418,153,411,36,433,661,431,66,61,436,147,68,64
433,36,418,411,66,153,436,431,266,661,147,61,413,68,64
411,266,153,418,433,661,413,431,436,147,36,61,68,64,66
433,36,411,266,61,413,431,661,153,68,64,418,436,66,147
411,36,266,418,153,431,61,436,413,433,147,661,66,64,68
153,433,418,660,36,661,431,266,61,66,68,64,411,413,147
418,36,660,661,266,153,433,413,61,64,431,147,411,68,66
153,411,36,433,431,660,266,418,61,661,66,413,68,64,147
158,443,440,53,551,662,416,102,86,154,439,146,84,82,89
416,662,443,86,439,158,440,53,146,551,102,82,154,84,89
53,439,551,443,102,416,86,662,440,154,146,158,84,89,82
440,154,439,158,146,443,53,551,86,662,84,89,82,102,416
439,440,551,53,154,82,102,416,662,146,86,158,84,89,443
416,439,154,551,443,53,84,86,158,146,440,102,662,89,82
440,551,102,158,86,443,89,662,439,154,416,82,146,84,53
551,443,439,158,86,146,416,440,53,89,662,102,84,154,82
154,551,439,89,53,443,662,440,102,146,416,158,82,84,86
154,158,102,146,443,86,662,439,416,551,440,82,84,53,89
440,154,158,443,416,102,439,551,53,89,86,662,146,82,84
439,440,443,154,551,86,158,82,102,53,416,146,89,662,84
